family,n_rows,evaluated,group,dataset,run_id
Backdoor_Malware,1532.0,True,Malware_C2,ciciot2023,SAFE_FINAL_01
BrowserHijacking,2790.0,True,WebApplication,ciciot2023,SAFE_FINAL_01
CommandInjection,2575.0,True,WebApplication,ciciot2023,SAFE_FINAL_01
DDoS-ACK_Fragmentation,19070.0,True,DDoS,ciciot2023,SAFE_FINAL_01
DDoS-HTTP_Flood,13707.0,True,DDoS,ciciot2023,SAFE_FINAL_01
DDoS-ICMP_Flood,18873.0,True,DDoS,ciciot2023,SAFE_FINAL_01
DDoS-ICMP_Fragmentation,19065.0,True,DDoS,ciciot2023,SAFE_FINAL_01
DDoS-PSHACK_Flood,19011.0,True,DDoS,ciciot2023,SAFE_FINAL_01
DDoS-RSTFINFlood,19097.0,True,DDoS,ciciot2023,SAFE_FINAL_01
DDoS-SYN_Flood,19043.0,True,DDoS,ciciot2023,SAFE_FINAL_01
DDoS-SlowLoris,11153.0,True,DDoS,ciciot2023,SAFE_FINAL_01
DDoS-SynonymousIP_Flood,19126.0,True,DDoS,ciciot2023,SAFE_FINAL_01
DDoS-TCP_Flood,19126.0,True,DDoS,ciciot2023,SAFE_FINAL_01
DDoS-UDP_Flood,19031.0,True,DDoS,ciciot2023,SAFE_FINAL_01
DDoS-UDP_Fragmentation,18836.0,True,DDoS,ciciot2023,SAFE_FINAL_01
DNS_Spoofing,19078.0,True,MITM_Spoofing,ciciot2023,SAFE_FINAL_01
DictionaryBruteForce,6220.0,True,CredentialAttack,ciciot2023,SAFE_FINAL_01
DoS-HTTP_Flood,18998.0,True,DoS,ciciot2023,SAFE_FINAL_01
DoS-SYN_Flood,19083.0,True,DoS,ciciot2023,SAFE_FINAL_01
DoS-TCP_Flood,19098.0,True,DoS,ciciot2023,SAFE_FINAL_01
DoS-UDP_Flood,19110.0,True,DoS,ciciot2023,SAFE_FINAL_01
MITM-ArpSpoofing,19189.0,True,MITM_Spoofing,ciciot2023,SAFE_FINAL_01
Mirai-greeth_flood,18979.0,True,Mirai,ciciot2023,SAFE_FINAL_01
Mirai-greip_flood,19173.0,True,Mirai,ciciot2023,SAFE_FINAL_01
Mirai-udpplain,19012.0,True,Mirai,ciciot2023,SAFE_FINAL_01
Recon-HostDiscovery,18995.0,True,Reconnaissance,ciciot2023,SAFE_FINAL_01
Recon-OSScan,19004.0,True,Reconnaissance,ciciot2023,SAFE_FINAL_01
Recon-PingSweep,1077.0,True,Reconnaissance,ciciot2023,SAFE_FINAL_01
Recon-PortScan,18977.0,True,Reconnaissance,ciciot2023,SAFE_FINAL_01
SqlInjection,2497.0,True,WebApplication,ciciot2023,SAFE_FINAL_01
Uploading_Attack,596.0,True,WebApplication,ciciot2023,SAFE_FINAL_01
VulnerabilityScan,17798.0,True,Reconnaissance,ciciot2023,SAFE_FINAL_01
XSS,1831.0,True,WebApplication,ciciot2023,SAFE_FINAL_01
