dataset,family,seed,model,known_MacroF1,run_id
ciciot2023,Backdoor_Malware,42,rf,0.8744825531646563,SAFE_FINAL_01
ciciot2023,Backdoor_Malware,42,mlp_softmax_en,0.6849907747454982,SAFE_FINAL_01
ciciot2023,Backdoor_Malware,7,rf,0.8769566996889802,SAFE_FINAL_01
ciciot2023,Backdoor_Malware,7,mlp_softmax_en,0.6882706488253779,SAFE_FINAL_01
ciciot2023,Backdoor_Malware,13,rf,0.8799332998609715,SAFE_FINAL_01
ciciot2023,Backdoor_Malware,13,mlp_softmax_en,0.6682226381218218,SAFE_FINAL_01
ciciot2023,BrowserHijacking,42,rf,0.8746241411460478,SAFE_FINAL_01
ciciot2023,BrowserHijacking,42,mlp_softmax_en,0.6889651636103383,SAFE_FINAL_01
ciciot2023,BrowserHijacking,7,rf,0.8775555593362139,SAFE_FINAL_01
ciciot2023,BrowserHijacking,7,mlp_softmax_en,0.6779078525076333,SAFE_FINAL_01
ciciot2023,BrowserHijacking,13,rf,0.877181111043118,SAFE_FINAL_01
ciciot2023,BrowserHijacking,13,mlp_softmax_en,0.674805404197329,SAFE_FINAL_01
ciciot2023,CommandInjection,42,rf,0.8763083103776674,SAFE_FINAL_01
ciciot2023,CommandInjection,42,mlp_softmax_en,0.6849338118144147,SAFE_FINAL_01
ciciot2023,CommandInjection,7,rf,0.879426504503038,SAFE_FINAL_01
ciciot2023,CommandInjection,7,mlp_softmax_en,0.6765581542161689,SAFE_FINAL_01
ciciot2023,CommandInjection,13,rf,0.8790684904839849,SAFE_FINAL_01
ciciot2023,CommandInjection,13,mlp_softmax_en,0.6858793703199878,SAFE_FINAL_01
ciciot2023,DDoS-ACK_Fragmentation,42,rf,0.8660215109550846,SAFE_FINAL_01
ciciot2023,DDoS-ACK_Fragmentation,42,mlp_softmax_en,0.6630134620438697,SAFE_FINAL_01
ciciot2023,DDoS-ACK_Fragmentation,7,rf,0.8659245807443242,SAFE_FINAL_01
ciciot2023,DDoS-ACK_Fragmentation,7,mlp_softmax_en,0.6506059902613226,SAFE_FINAL_01
ciciot2023,DDoS-ACK_Fragmentation,13,rf,0.8673340966304439,SAFE_FINAL_01
ciciot2023,DDoS-ACK_Fragmentation,13,mlp_softmax_en,0.653399821278609,SAFE_FINAL_01
ciciot2023,DDoS-HTTP_Flood,42,rf,0.8662720285332406,SAFE_FINAL_01
ciciot2023,DDoS-HTTP_Flood,42,mlp_softmax_en,0.6600309864029398,SAFE_FINAL_01
ciciot2023,DDoS-HTTP_Flood,7,rf,0.8636100544619882,SAFE_FINAL_01
ciciot2023,DDoS-HTTP_Flood,7,mlp_softmax_en,0.6639107460435565,SAFE_FINAL_01
ciciot2023,DDoS-HTTP_Flood,13,rf,0.8690787481829784,SAFE_FINAL_01
ciciot2023,DDoS-HTTP_Flood,13,mlp_softmax_en,0.6585040190198561,SAFE_FINAL_01
ciciot2023,DDoS-ICMP_Flood,42,rf,0.8631707988120443,SAFE_FINAL_01
ciciot2023,DDoS-ICMP_Flood,42,mlp_softmax_en,0.6648146839205578,SAFE_FINAL_01
ciciot2023,DDoS-ICMP_Flood,7,rf,0.8647035394868705,SAFE_FINAL_01
ciciot2023,DDoS-ICMP_Flood,7,mlp_softmax_en,0.6540086500999978,SAFE_FINAL_01
ciciot2023,DDoS-ICMP_Flood,13,rf,0.8654678464318271,SAFE_FINAL_01
ciciot2023,DDoS-ICMP_Flood,13,mlp_softmax_en,0.6531318506955036,SAFE_FINAL_01
ciciot2023,DDoS-ICMP_Fragmentation,42,rf,0.8680319951966643,SAFE_FINAL_01
ciciot2023,DDoS-ICMP_Fragmentation,42,mlp_softmax_en,0.6746106793302351,SAFE_FINAL_01
ciciot2023,DDoS-ICMP_Fragmentation,7,rf,0.8639244608420378,SAFE_FINAL_01
ciciot2023,DDoS-ICMP_Fragmentation,7,mlp_softmax_en,0.6556882181281084,SAFE_FINAL_01
ciciot2023,DDoS-ICMP_Fragmentation,13,rf,0.8665758827067914,SAFE_FINAL_01
ciciot2023,DDoS-ICMP_Fragmentation,13,mlp_softmax_en,0.6569193099869677,SAFE_FINAL_01
ciciot2023,DDoS-PSHACK_Flood,42,rf,0.8644375329969343,SAFE_FINAL_01
ciciot2023,DDoS-PSHACK_Flood,42,mlp_softmax_en,0.6690144687558424,SAFE_FINAL_01
ciciot2023,DDoS-PSHACK_Flood,7,rf,0.8630788350178457,SAFE_FINAL_01
ciciot2023,DDoS-PSHACK_Flood,7,mlp_softmax_en,0.6602882774423218,SAFE_FINAL_01
ciciot2023,DDoS-PSHACK_Flood,13,rf,0.8665330754018512,SAFE_FINAL_01
ciciot2023,DDoS-PSHACK_Flood,13,mlp_softmax_en,0.6606327499935871,SAFE_FINAL_01
ciciot2023,DDoS-RSTFINFlood,42,rf,0.8651010571050234,SAFE_FINAL_01
ciciot2023,DDoS-RSTFINFlood,42,mlp_softmax_en,0.6486730248607281,SAFE_FINAL_01
ciciot2023,DDoS-RSTFINFlood,7,rf,0.8649066230968112,SAFE_FINAL_01
ciciot2023,DDoS-RSTFINFlood,7,mlp_softmax_en,0.643921324200012,SAFE_FINAL_01
ciciot2023,DDoS-RSTFINFlood,13,rf,0.866745285636446,SAFE_FINAL_01
ciciot2023,DDoS-RSTFINFlood,13,mlp_softmax_en,0.6562102749480901,SAFE_FINAL_01
ciciot2023,DDoS-SYN_Flood,42,rf,0.8664356798093229,SAFE_FINAL_01
ciciot2023,DDoS-SYN_Flood,42,mlp_softmax_en,0.6580738346616781,SAFE_FINAL_01
ciciot2023,DDoS-SYN_Flood,7,rf,0.8659789735885602,SAFE_FINAL_01
ciciot2023,DDoS-SYN_Flood,7,mlp_softmax_en,0.6645444390385367,SAFE_FINAL_01
ciciot2023,DDoS-SYN_Flood,13,rf,0.8645701545516229,SAFE_FINAL_01
ciciot2023,DDoS-SYN_Flood,13,mlp_softmax_en,0.6711414216903476,SAFE_FINAL_01
ciciot2023,DDoS-SlowLoris,42,rf,0.8650421213728744,SAFE_FINAL_01
ciciot2023,DDoS-SlowLoris,42,mlp_softmax_en,0.6653507812414656,SAFE_FINAL_01
ciciot2023,DDoS-SlowLoris,7,rf,0.862515271376612,SAFE_FINAL_01
ciciot2023,DDoS-SlowLoris,7,mlp_softmax_en,0.6558053231985591,SAFE_FINAL_01
ciciot2023,DDoS-SlowLoris,13,rf,0.8608763696086048,SAFE_FINAL_01
ciciot2023,DDoS-SlowLoris,13,mlp_softmax_en,0.6606819021372079,SAFE_FINAL_01
ciciot2023,DDoS-SynonymousIP_Flood,42,rf,0.8633860183602424,SAFE_FINAL_01
ciciot2023,DDoS-SynonymousIP_Flood,42,mlp_softmax_en,0.661791530681073,SAFE_FINAL_01
ciciot2023,DDoS-SynonymousIP_Flood,7,rf,0.8635928494655198,SAFE_FINAL_01
ciciot2023,DDoS-SynonymousIP_Flood,7,mlp_softmax_en,0.6738359221489987,SAFE_FINAL_01
ciciot2023,DDoS-SynonymousIP_Flood,13,rf,0.866552101345499,SAFE_FINAL_01
ciciot2023,DDoS-SynonymousIP_Flood,13,mlp_softmax_en,0.6629412229824987,SAFE_FINAL_01
ciciot2023,DDoS-TCP_Flood,42,rf,0.8643692481841718,SAFE_FINAL_01
ciciot2023,DDoS-TCP_Flood,42,mlp_softmax_en,0.6743399887726814,SAFE_FINAL_01
ciciot2023,DDoS-TCP_Flood,7,rf,0.8632793218334512,SAFE_FINAL_01
ciciot2023,DDoS-TCP_Flood,7,mlp_softmax_en,0.6839590515238297,SAFE_FINAL_01
ciciot2023,DDoS-TCP_Flood,13,rf,0.863721821096902,SAFE_FINAL_01
ciciot2023,DDoS-TCP_Flood,13,mlp_softmax_en,0.6666594330735438,SAFE_FINAL_01
ciciot2023,DDoS-UDP_Flood,42,rf,0.863489587441808,SAFE_FINAL_01
ciciot2023,DDoS-UDP_Flood,42,mlp_softmax_en,0.6743059393942558,SAFE_FINAL_01
ciciot2023,DDoS-UDP_Flood,7,rf,0.8634943045673769,SAFE_FINAL_01
ciciot2023,DDoS-UDP_Flood,7,mlp_softmax_en,0.6786294242430432,SAFE_FINAL_01
ciciot2023,DDoS-UDP_Flood,13,rf,0.8676728423153586,SAFE_FINAL_01
ciciot2023,DDoS-UDP_Flood,13,mlp_softmax_en,0.6754181690922363,SAFE_FINAL_01
ciciot2023,DDoS-UDP_Fragmentation,42,rf,0.8638775307763925,SAFE_FINAL_01
ciciot2023,DDoS-UDP_Fragmentation,42,mlp_softmax_en,0.658740836725721,SAFE_FINAL_01
ciciot2023,DDoS-UDP_Fragmentation,7,rf,0.8670050003990865,SAFE_FINAL_01
ciciot2023,DDoS-UDP_Fragmentation,7,mlp_softmax_en,0.6561064825327382,SAFE_FINAL_01
ciciot2023,DDoS-UDP_Fragmentation,13,rf,0.8644286820746583,SAFE_FINAL_01
ciciot2023,DDoS-UDP_Fragmentation,13,mlp_softmax_en,0.6556460135137905,SAFE_FINAL_01
ciciot2023,DNS_Spoofing,42,rf,0.8767128422426125,SAFE_FINAL_01
ciciot2023,DNS_Spoofing,42,mlp_softmax_en,0.6825209135810304,SAFE_FINAL_01
ciciot2023,DNS_Spoofing,7,rf,0.8739717195603042,SAFE_FINAL_01
ciciot2023,DNS_Spoofing,7,mlp_softmax_en,0.6722835589273115,SAFE_FINAL_01
ciciot2023,DNS_Spoofing,13,rf,0.8745996935146753,SAFE_FINAL_01
ciciot2023,DNS_Spoofing,13,mlp_softmax_en,0.6872658696368161,SAFE_FINAL_01
ciciot2023,DictionaryBruteForce,42,rf,0.8740876161793156,SAFE_FINAL_01
ciciot2023,DictionaryBruteForce,42,mlp_softmax_en,0.6791586382375524,SAFE_FINAL_01
ciciot2023,DictionaryBruteForce,7,rf,0.8700445503502481,SAFE_FINAL_01
ciciot2023,DictionaryBruteForce,7,mlp_softmax_en,0.6754622589590702,SAFE_FINAL_01
ciciot2023,DictionaryBruteForce,13,rf,0.8785215245580105,SAFE_FINAL_01
ciciot2023,DictionaryBruteForce,13,mlp_softmax_en,0.6779516725376497,SAFE_FINAL_01
ciciot2023,DoS-HTTP_Flood,42,rf,0.8661839922022224,SAFE_FINAL_01
ciciot2023,DoS-HTTP_Flood,42,mlp_softmax_en,0.6569283611345513,SAFE_FINAL_01
ciciot2023,DoS-HTTP_Flood,7,rf,0.8637143984228797,SAFE_FINAL_01
ciciot2023,DoS-HTTP_Flood,7,mlp_softmax_en,0.659935414596564,SAFE_FINAL_01
ciciot2023,DoS-HTTP_Flood,13,rf,0.8647380087172811,SAFE_FINAL_01
ciciot2023,DoS-HTTP_Flood,13,mlp_softmax_en,0.6563320387745107,SAFE_FINAL_01
ciciot2023,DoS-SYN_Flood,42,rf,0.8670096526539289,SAFE_FINAL_01
ciciot2023,DoS-SYN_Flood,42,mlp_softmax_en,0.664897391849526,SAFE_FINAL_01
ciciot2023,DoS-SYN_Flood,7,rf,0.8673209958325335,SAFE_FINAL_01
ciciot2023,DoS-SYN_Flood,7,mlp_softmax_en,0.6708260611121802,SAFE_FINAL_01
ciciot2023,DoS-SYN_Flood,13,rf,0.869936644707927,SAFE_FINAL_01
ciciot2023,DoS-SYN_Flood,13,mlp_softmax_en,0.6581699664402779,SAFE_FINAL_01
ciciot2023,DoS-TCP_Flood,42,rf,0.8670818519971126,SAFE_FINAL_01
ciciot2023,DoS-TCP_Flood,42,mlp_softmax_en,0.6839836135836542,SAFE_FINAL_01
ciciot2023,DoS-TCP_Flood,7,rf,0.8608050698820244,SAFE_FINAL_01
ciciot2023,DoS-TCP_Flood,7,mlp_softmax_en,0.6805688313665829,SAFE_FINAL_01
ciciot2023,DoS-TCP_Flood,13,rf,0.8690553914543565,SAFE_FINAL_01
ciciot2023,DoS-TCP_Flood,13,mlp_softmax_en,0.6718843612105457,SAFE_FINAL_01
ciciot2023,DoS-UDP_Flood,42,rf,0.8688739343825528,SAFE_FINAL_01
ciciot2023,DoS-UDP_Flood,42,mlp_softmax_en,0.6733049151597069,SAFE_FINAL_01
ciciot2023,DoS-UDP_Flood,7,rf,0.8653739417522045,SAFE_FINAL_01
ciciot2023,DoS-UDP_Flood,7,mlp_softmax_en,0.6725748704038989,SAFE_FINAL_01
ciciot2023,DoS-UDP_Flood,13,rf,0.8674773077753819,SAFE_FINAL_01
ciciot2023,DoS-UDP_Flood,13,mlp_softmax_en,0.6700802914678106,SAFE_FINAL_01
ciciot2023,MITM-ArpSpoofing,42,rf,0.8712454891341241,SAFE_FINAL_01
ciciot2023,MITM-ArpSpoofing,42,mlp_softmax_en,0.6801510830723385,SAFE_FINAL_01
ciciot2023,MITM-ArpSpoofing,7,rf,0.8719345195454132,SAFE_FINAL_01
ciciot2023,MITM-ArpSpoofing,7,mlp_softmax_en,0.6682035198286871,SAFE_FINAL_01
ciciot2023,MITM-ArpSpoofing,13,rf,0.8740237610833044,SAFE_FINAL_01
ciciot2023,MITM-ArpSpoofing,13,mlp_softmax_en,0.6662049791692948,SAFE_FINAL_01
ciciot2023,Mirai-greeth_flood,42,rf,0.8644029477698404,SAFE_FINAL_01
ciciot2023,Mirai-greeth_flood,42,mlp_softmax_en,0.6816296356434688,SAFE_FINAL_01
ciciot2023,Mirai-greeth_flood,7,rf,0.8637107910901408,SAFE_FINAL_01
ciciot2023,Mirai-greeth_flood,7,mlp_softmax_en,0.6780293269720185,SAFE_FINAL_01
ciciot2023,Mirai-greeth_flood,13,rf,0.8646246478838742,SAFE_FINAL_01
ciciot2023,Mirai-greeth_flood,13,mlp_softmax_en,0.6727304519440349,SAFE_FINAL_01
ciciot2023,Mirai-greip_flood,42,rf,0.8607288633775443,SAFE_FINAL_01
ciciot2023,Mirai-greip_flood,42,mlp_softmax_en,0.6795862866859235,SAFE_FINAL_01
ciciot2023,Mirai-greip_flood,7,rf,0.8637826598029724,SAFE_FINAL_01
ciciot2023,Mirai-greip_flood,7,mlp_softmax_en,0.6793747161260526,SAFE_FINAL_01
ciciot2023,Mirai-greip_flood,13,rf,0.867716117194779,SAFE_FINAL_01
ciciot2023,Mirai-greip_flood,13,mlp_softmax_en,0.6785596898532008,SAFE_FINAL_01
ciciot2023,Mirai-udpplain,42,rf,0.8660568490206864,SAFE_FINAL_01
ciciot2023,Mirai-udpplain,42,mlp_softmax_en,0.6552963464791036,SAFE_FINAL_01
ciciot2023,Mirai-udpplain,7,rf,0.8659300491777668,SAFE_FINAL_01
ciciot2023,Mirai-udpplain,7,mlp_softmax_en,0.6675040473244415,SAFE_FINAL_01
ciciot2023,Mirai-udpplain,13,rf,0.8674851228159407,SAFE_FINAL_01
ciciot2023,Mirai-udpplain,13,mlp_softmax_en,0.657867389889202,SAFE_FINAL_01
ciciot2023,Recon-HostDiscovery,42,rf,0.8680907922337961,SAFE_FINAL_01
ciciot2023,Recon-HostDiscovery,42,mlp_softmax_en,0.6724596138061426,SAFE_FINAL_01
ciciot2023,Recon-HostDiscovery,7,rf,0.8660297003128213,SAFE_FINAL_01
ciciot2023,Recon-HostDiscovery,7,mlp_softmax_en,0.6778922898978651,SAFE_FINAL_01
ciciot2023,Recon-HostDiscovery,13,rf,0.8722701381830067,SAFE_FINAL_01
ciciot2023,Recon-HostDiscovery,13,mlp_softmax_en,0.665588882083406,SAFE_FINAL_01
ciciot2023,Recon-OSScan,42,rf,0.8779852849104607,SAFE_FINAL_01
ciciot2023,Recon-OSScan,42,mlp_softmax_en,0.6852016977880656,SAFE_FINAL_01
ciciot2023,Recon-OSScan,7,rf,0.8747552211988805,SAFE_FINAL_01
ciciot2023,Recon-OSScan,7,mlp_softmax_en,0.6903308365666505,SAFE_FINAL_01
ciciot2023,Recon-OSScan,13,rf,0.8800063458797711,SAFE_FINAL_01
ciciot2023,Recon-OSScan,13,mlp_softmax_en,0.6894874983203768,SAFE_FINAL_01
ciciot2023,Recon-PingSweep,42,rf,0.8811173299386577,SAFE_FINAL_01
ciciot2023,Recon-PingSweep,42,mlp_softmax_en,0.6846702675247492,SAFE_FINAL_01
ciciot2023,Recon-PingSweep,7,rf,0.87976706371864,SAFE_FINAL_01
ciciot2023,Recon-PingSweep,7,mlp_softmax_en,0.6870176381718548,SAFE_FINAL_01
ciciot2023,Recon-PingSweep,13,rf,0.8839639996979467,SAFE_FINAL_01
ciciot2023,Recon-PingSweep,13,mlp_softmax_en,0.685714079522135,SAFE_FINAL_01
ciciot2023,Recon-PortScan,42,rf,0.8776930048917134,SAFE_FINAL_01
ciciot2023,Recon-PortScan,42,mlp_softmax_en,0.6861597747011488,SAFE_FINAL_01
ciciot2023,Recon-PortScan,7,rf,0.8724003998204616,SAFE_FINAL_01
ciciot2023,Recon-PortScan,7,mlp_softmax_en,0.6861409525672054,SAFE_FINAL_01
ciciot2023,Recon-PortScan,13,rf,0.8795000660058214,SAFE_FINAL_01
ciciot2023,Recon-PortScan,13,mlp_softmax_en,0.6912358974823354,SAFE_FINAL_01
ciciot2023,SqlInjection,42,rf,0.8747044567257093,SAFE_FINAL_01
ciciot2023,SqlInjection,42,mlp_softmax_en,0.6790745546987856,SAFE_FINAL_01
ciciot2023,SqlInjection,7,rf,0.8797110854803805,SAFE_FINAL_01
ciciot2023,SqlInjection,7,mlp_softmax_en,0.694112785858847,SAFE_FINAL_01
ciciot2023,SqlInjection,13,rf,0.8797195491072737,SAFE_FINAL_01
ciciot2023,SqlInjection,13,mlp_softmax_en,0.6803243051095391,SAFE_FINAL_01
ciciot2023,Uploading_Attack,42,rf,0.8788134738337313,SAFE_FINAL_01
ciciot2023,Uploading_Attack,42,mlp_softmax_en,0.6921124365858378,SAFE_FINAL_01
ciciot2023,Uploading_Attack,7,rf,0.8765945361891244,SAFE_FINAL_01
ciciot2023,Uploading_Attack,7,mlp_softmax_en,0.6902232732918244,SAFE_FINAL_01
ciciot2023,Uploading_Attack,13,rf,0.8819141724282513,SAFE_FINAL_01
ciciot2023,Uploading_Attack,13,mlp_softmax_en,0.6777748754715555,SAFE_FINAL_01
ciciot2023,VulnerabilityScan,42,rf,0.8651059249006068,SAFE_FINAL_01
ciciot2023,VulnerabilityScan,42,mlp_softmax_en,0.6619883599727615,SAFE_FINAL_01
ciciot2023,VulnerabilityScan,7,rf,0.8624959879983317,SAFE_FINAL_01
ciciot2023,VulnerabilityScan,7,mlp_softmax_en,0.6580591020047666,SAFE_FINAL_01
ciciot2023,VulnerabilityScan,13,rf,0.8670887166756831,SAFE_FINAL_01
ciciot2023,VulnerabilityScan,13,mlp_softmax_en,0.6560936344172985,SAFE_FINAL_01
ciciot2023,XSS,42,rf,0.8834591829336812,SAFE_FINAL_01
ciciot2023,XSS,42,mlp_softmax_en,0.6843293106965613,SAFE_FINAL_01
ciciot2023,XSS,7,rf,0.8810773814871491,SAFE_FINAL_01
ciciot2023,XSS,7,mlp_softmax_en,0.68088497390554,SAFE_FINAL_01
ciciot2023,XSS,13,rf,0.8828406913393981,SAFE_FINAL_01
ciciot2023,XSS,13,mlp_softmax_en,0.6898161300931582,SAFE_FINAL_01
