class,count,percent
Normal,421417,51.340100434436195
RDOS,141261,17.2094479517174
Scanning_vulnerability,52852,6.438817105529254
Generic_scanning,50277,6.125111776558963
BruteForce,47241,5.755244056654573
MQTT_cloud_broker_subscription,23524,2.8658656926979145
Discovering_resources,23148,2.820058623302641
Exfiltration,22134,2.696525728710068
insider_malcious,17447,2.125521116328027
Modbus_register_reading,5953,0.7252379896544247
False_data_injection,5094,0.62058832845618
C&C,2863,0.3487915948900752
Dictionary,2572,0.3133398470336268
TCP Relay,2119,0.25815207459729983
fuzzing,1313,0.15995926094679314
Reverse_shell,1016,0.12377654921701586
crypto-ransomware,458,0.055796908997434315
MitM,117,0.01425379552991226
Fake_notification,28,0.0034111647422012245
