dataset,rung,model,seed,class,F1,support,run_id
edge_iiotset,A_raw,rf,42,Backdoor,1.0,672,SAFE_FINAL_01
edge_iiotset,A_raw,rf,42,DDoS_HTTP,1.0,1349,SAFE_FINAL_01
edge_iiotset,A_raw,rf,42,DDoS_ICMP,1.0,3148,SAFE_FINAL_01
edge_iiotset,A_raw,rf,42,DDoS_TCP,1.0,1354,SAFE_FINAL_01
edge_iiotset,A_raw,rf,42,DDoS_UDP,1.0,3287,SAFE_FINAL_01
edge_iiotset,A_raw,rf,42,Fingerprinting,1.0,27,SAFE_FINAL_01
edge_iiotset,A_raw,rf,42,MITM,1.0,33,SAFE_FINAL_01
edge_iiotset,A_raw,rf,42,Normal,1.0,43682,SAFE_FINAL_01
edge_iiotset,A_raw,rf,42,Password,1.0,1356,SAFE_FINAL_01
edge_iiotset,A_raw,rf,42,Port_Scanning,1.0,610,SAFE_FINAL_01
edge_iiotset,A_raw,rf,42,Ransomware,1.0,295,SAFE_FINAL_01
edge_iiotset,A_raw,rf,42,SQL_injection,1.0,1384,SAFE_FINAL_01
edge_iiotset,A_raw,rf,42,Uploading,1.0,1018,SAFE_FINAL_01
edge_iiotset,A_raw,rf,42,Vulnerability_scanner,1.0,1355,SAFE_FINAL_01
edge_iiotset,A_raw,rf,42,XSS,1.0,430,SAFE_FINAL_01
edge_iiotset,A_raw,lgbm,42,Backdoor,1.0,672,SAFE_FINAL_01
edge_iiotset,A_raw,lgbm,42,DDoS_HTTP,1.0,1349,SAFE_FINAL_01
edge_iiotset,A_raw,lgbm,42,DDoS_ICMP,1.0,3148,SAFE_FINAL_01
edge_iiotset,A_raw,lgbm,42,DDoS_TCP,1.0,1354,SAFE_FINAL_01
edge_iiotset,A_raw,lgbm,42,DDoS_UDP,1.0,3287,SAFE_FINAL_01
edge_iiotset,A_raw,lgbm,42,Fingerprinting,1.0,27,SAFE_FINAL_01
edge_iiotset,A_raw,lgbm,42,MITM,1.0,33,SAFE_FINAL_01
edge_iiotset,A_raw,lgbm,42,Normal,1.0,43682,SAFE_FINAL_01
edge_iiotset,A_raw,lgbm,42,Password,1.0,1356,SAFE_FINAL_01
edge_iiotset,A_raw,lgbm,42,Port_Scanning,1.0,610,SAFE_FINAL_01
edge_iiotset,A_raw,lgbm,42,Ransomware,1.0,295,SAFE_FINAL_01
edge_iiotset,A_raw,lgbm,42,SQL_injection,1.0,1384,SAFE_FINAL_01
edge_iiotset,A_raw,lgbm,42,Uploading,1.0,1018,SAFE_FINAL_01
edge_iiotset,A_raw,lgbm,42,Vulnerability_scanner,1.0,1355,SAFE_FINAL_01
edge_iiotset,A_raw,lgbm,42,XSS,1.0,430,SAFE_FINAL_01
edge_iiotset,A_raw,mlp_softmax_en,42,Backdoor,0.9887133182844243,672,SAFE_FINAL_01
edge_iiotset,A_raw,mlp_softmax_en,42,DDoS_HTTP,1.0,1349,SAFE_FINAL_01
edge_iiotset,A_raw,mlp_softmax_en,42,DDoS_ICMP,0.9969730763103394,3148,SAFE_FINAL_01
edge_iiotset,A_raw,mlp_softmax_en,42,DDoS_TCP,1.0,1354,SAFE_FINAL_01
edge_iiotset,A_raw,mlp_softmax_en,42,DDoS_UDP,1.0,3287,SAFE_FINAL_01
edge_iiotset,A_raw,mlp_softmax_en,42,Fingerprinting,0.5777777777777777,27,SAFE_FINAL_01
edge_iiotset,A_raw,mlp_softmax_en,42,MITM,1.0,33,SAFE_FINAL_01
edge_iiotset,A_raw,mlp_softmax_en,42,Normal,1.0,43682,SAFE_FINAL_01
edge_iiotset,A_raw,mlp_softmax_en,42,Password,0.9996314043494287,1356,SAFE_FINAL_01
edge_iiotset,A_raw,mlp_softmax_en,42,Port_Scanning,0.9804241435562806,610,SAFE_FINAL_01
edge_iiotset,A_raw,mlp_softmax_en,42,Ransomware,0.9484536082474226,295,SAFE_FINAL_01
edge_iiotset,A_raw,mlp_softmax_en,42,SQL_injection,0.9989150090415914,1384,SAFE_FINAL_01
edge_iiotset,A_raw,mlp_softmax_en,42,Uploading,0.9990186457311089,1018,SAFE_FINAL_01
edge_iiotset,A_raw,mlp_softmax_en,42,Vulnerability_scanner,0.9785148888051263,1355,SAFE_FINAL_01
edge_iiotset,A_raw,mlp_softmax_en,42,XSS,0.9378407851690295,430,SAFE_FINAL_01
edge_iiotset,A_raw,mlp_edl_both,42,Backdoor,0.9421015010721944,672,SAFE_FINAL_01
edge_iiotset,A_raw,mlp_edl_both,42,DDoS_HTTP,1.0,1349,SAFE_FINAL_01
edge_iiotset,A_raw,mlp_edl_both,42,DDoS_ICMP,0.9974530404329831,3148,SAFE_FINAL_01
edge_iiotset,A_raw,mlp_edl_both,42,DDoS_TCP,1.0,1354,SAFE_FINAL_01
edge_iiotset,A_raw,mlp_edl_both,42,DDoS_UDP,1.0,3287,SAFE_FINAL_01
edge_iiotset,A_raw,mlp_edl_both,42,Fingerprinting,0.6097560975609756,27,SAFE_FINAL_01
edge_iiotset,A_raw,mlp_edl_both,42,MITM,1.0,33,SAFE_FINAL_01
edge_iiotset,A_raw,mlp_edl_both,42,Normal,1.0,43682,SAFE_FINAL_01
edge_iiotset,A_raw,mlp_edl_both,42,Password,0.9992630803242447,1356,SAFE_FINAL_01
edge_iiotset,A_raw,mlp_edl_both,42,Port_Scanning,0.9588581024349286,610,SAFE_FINAL_01
edge_iiotset,A_raw,mlp_edl_both,42,Ransomware,0.9428571428571428,295,SAFE_FINAL_01
edge_iiotset,A_raw,mlp_edl_both,42,SQL_injection,0.9989157932779184,1384,SAFE_FINAL_01
edge_iiotset,A_raw,mlp_edl_both,42,Uploading,0.9995085995085995,1018,SAFE_FINAL_01
edge_iiotset,A_raw,mlp_edl_both,42,Vulnerability_scanner,0.9992614475627769,1355,SAFE_FINAL_01
edge_iiotset,A_raw,mlp_edl_both,42,XSS,0.9859154929577465,430,SAFE_FINAL_01
edge_iiotset,A_raw,rf,7,Backdoor,1.0,672,SAFE_FINAL_01
edge_iiotset,A_raw,rf,7,DDoS_HTTP,0.9996292176492398,1349,SAFE_FINAL_01
edge_iiotset,A_raw,rf,7,DDoS_ICMP,1.0,3148,SAFE_FINAL_01
edge_iiotset,A_raw,rf,7,DDoS_TCP,1.0,1354,SAFE_FINAL_01
edge_iiotset,A_raw,rf,7,DDoS_UDP,1.0,3287,SAFE_FINAL_01
edge_iiotset,A_raw,rf,7,Fingerprinting,1.0,27,SAFE_FINAL_01
edge_iiotset,A_raw,rf,7,MITM,1.0,33,SAFE_FINAL_01
edge_iiotset,A_raw,rf,7,Normal,1.0,43682,SAFE_FINAL_01
edge_iiotset,A_raw,rf,7,Password,1.0,1356,SAFE_FINAL_01
edge_iiotset,A_raw,rf,7,Port_Scanning,1.0,610,SAFE_FINAL_01
edge_iiotset,A_raw,rf,7,Ransomware,1.0,295,SAFE_FINAL_01
edge_iiotset,A_raw,rf,7,SQL_injection,1.0,1384,SAFE_FINAL_01
edge_iiotset,A_raw,rf,7,Uploading,1.0,1018,SAFE_FINAL_01
edge_iiotset,A_raw,rf,7,Vulnerability_scanner,1.0,1355,SAFE_FINAL_01
edge_iiotset,A_raw,rf,7,XSS,0.9988385598141696,430,SAFE_FINAL_01
edge_iiotset,A_raw,lgbm,7,Backdoor,1.0,672,SAFE_FINAL_01
edge_iiotset,A_raw,lgbm,7,DDoS_HTTP,1.0,1349,SAFE_FINAL_01
edge_iiotset,A_raw,lgbm,7,DDoS_ICMP,1.0,3148,SAFE_FINAL_01
edge_iiotset,A_raw,lgbm,7,DDoS_TCP,1.0,1354,SAFE_FINAL_01
edge_iiotset,A_raw,lgbm,7,DDoS_UDP,1.0,3287,SAFE_FINAL_01
edge_iiotset,A_raw,lgbm,7,Fingerprinting,1.0,27,SAFE_FINAL_01
edge_iiotset,A_raw,lgbm,7,MITM,1.0,33,SAFE_FINAL_01
edge_iiotset,A_raw,lgbm,7,Normal,1.0,43682,SAFE_FINAL_01
edge_iiotset,A_raw,lgbm,7,Password,1.0,1356,SAFE_FINAL_01
edge_iiotset,A_raw,lgbm,7,Port_Scanning,1.0,610,SAFE_FINAL_01
edge_iiotset,A_raw,lgbm,7,Ransomware,1.0,295,SAFE_FINAL_01
edge_iiotset,A_raw,lgbm,7,SQL_injection,1.0,1384,SAFE_FINAL_01
edge_iiotset,A_raw,lgbm,7,Uploading,1.0,1018,SAFE_FINAL_01
edge_iiotset,A_raw,lgbm,7,Vulnerability_scanner,1.0,1355,SAFE_FINAL_01
edge_iiotset,A_raw,lgbm,7,XSS,1.0,430,SAFE_FINAL_01
edge_iiotset,A_raw,mlp_softmax_en,7,Backdoor,0.9789156626506024,672,SAFE_FINAL_01
edge_iiotset,A_raw,mlp_softmax_en,7,DDoS_HTTP,1.0,1349,SAFE_FINAL_01
edge_iiotset,A_raw,mlp_softmax_en,7,DDoS_ICMP,0.9960133949928242,3148,SAFE_FINAL_01
edge_iiotset,A_raw,mlp_softmax_en,7,DDoS_TCP,1.0,1354,SAFE_FINAL_01
edge_iiotset,A_raw,mlp_softmax_en,7,DDoS_UDP,1.0,3287,SAFE_FINAL_01
edge_iiotset,A_raw,mlp_softmax_en,7,Fingerprinting,0.5684210526315789,27,SAFE_FINAL_01
edge_iiotset,A_raw,mlp_softmax_en,7,MITM,1.0,33,SAFE_FINAL_01
edge_iiotset,A_raw,mlp_softmax_en,7,Normal,1.0,43682,SAFE_FINAL_01
edge_iiotset,A_raw,mlp_softmax_en,7,Password,1.0,1356,SAFE_FINAL_01
edge_iiotset,A_raw,mlp_softmax_en,7,Port_Scanning,0.9692058346839546,610,SAFE_FINAL_01
edge_iiotset,A_raw,mlp_softmax_en,7,Ransomware,0.9548611111111112,295,SAFE_FINAL_01
edge_iiotset,A_raw,mlp_softmax_en,7,SQL_injection,0.9992774566473989,1384,SAFE_FINAL_01
edge_iiotset,A_raw,mlp_softmax_en,7,Uploading,0.9990176817288802,1018,SAFE_FINAL_01
edge_iiotset,A_raw,mlp_softmax_en,7,Vulnerability_scanner,0.992955135335558,1355,SAFE_FINAL_01
edge_iiotset,A_raw,mlp_softmax_en,7,XSS,0.9782359679266895,430,SAFE_FINAL_01
edge_iiotset,A_raw,mlp_edl_both,7,Backdoor,0.9696969696969697,672,SAFE_FINAL_01
edge_iiotset,A_raw,mlp_edl_both,7,DDoS_HTTP,1.0,1349,SAFE_FINAL_01
edge_iiotset,A_raw,mlp_edl_both,7,DDoS_ICMP,0.9937669809813009,3148,SAFE_FINAL_01
edge_iiotset,A_raw,mlp_edl_both,7,DDoS_TCP,1.0,1354,SAFE_FINAL_01
edge_iiotset,A_raw,mlp_edl_both,7,DDoS_UDP,1.0,3287,SAFE_FINAL_01
edge_iiotset,A_raw,mlp_edl_both,7,Fingerprinting,0.4230769230769231,27,SAFE_FINAL_01
edge_iiotset,A_raw,mlp_edl_both,7,MITM,1.0,33,SAFE_FINAL_01
edge_iiotset,A_raw,mlp_edl_both,7,Normal,1.0,43682,SAFE_FINAL_01
edge_iiotset,A_raw,mlp_edl_both,7,Password,1.0,1356,SAFE_FINAL_01
edge_iiotset,A_raw,mlp_edl_both,7,Port_Scanning,0.9636650868878357,610,SAFE_FINAL_01
edge_iiotset,A_raw,mlp_edl_both,7,Ransomware,0.9575971731448764,295,SAFE_FINAL_01
edge_iiotset,A_raw,mlp_edl_both,7,SQL_injection,0.9996385977593061,1384,SAFE_FINAL_01
edge_iiotset,A_raw,mlp_edl_both,7,Uploading,0.9995085995085995,1018,SAFE_FINAL_01
edge_iiotset,A_raw,mlp_edl_both,7,Vulnerability_scanner,0.9981529368304396,1355,SAFE_FINAL_01
edge_iiotset,A_raw,mlp_edl_both,7,XSS,0.985981308411215,430,SAFE_FINAL_01
edge_iiotset,A_raw,rf,13,Backdoor,1.0,672,SAFE_FINAL_01
edge_iiotset,A_raw,rf,13,DDoS_HTTP,1.0,1349,SAFE_FINAL_01
edge_iiotset,A_raw,rf,13,DDoS_ICMP,1.0,3148,SAFE_FINAL_01
edge_iiotset,A_raw,rf,13,DDoS_TCP,1.0,1354,SAFE_FINAL_01
edge_iiotset,A_raw,rf,13,DDoS_UDP,1.0,3287,SAFE_FINAL_01
edge_iiotset,A_raw,rf,13,Fingerprinting,1.0,27,SAFE_FINAL_01
edge_iiotset,A_raw,rf,13,MITM,1.0,33,SAFE_FINAL_01
edge_iiotset,A_raw,rf,13,Normal,1.0,43682,SAFE_FINAL_01
edge_iiotset,A_raw,rf,13,Password,1.0,1356,SAFE_FINAL_01
edge_iiotset,A_raw,rf,13,Port_Scanning,1.0,610,SAFE_FINAL_01
edge_iiotset,A_raw,rf,13,Ransomware,1.0,295,SAFE_FINAL_01
edge_iiotset,A_raw,rf,13,SQL_injection,1.0,1384,SAFE_FINAL_01
edge_iiotset,A_raw,rf,13,Uploading,1.0,1018,SAFE_FINAL_01
edge_iiotset,A_raw,rf,13,Vulnerability_scanner,1.0,1355,SAFE_FINAL_01
edge_iiotset,A_raw,rf,13,XSS,1.0,430,SAFE_FINAL_01
edge_iiotset,A_raw,lgbm,13,Backdoor,1.0,672,SAFE_FINAL_01
edge_iiotset,A_raw,lgbm,13,DDoS_HTTP,1.0,1349,SAFE_FINAL_01
edge_iiotset,A_raw,lgbm,13,DDoS_ICMP,1.0,3148,SAFE_FINAL_01
edge_iiotset,A_raw,lgbm,13,DDoS_TCP,1.0,1354,SAFE_FINAL_01
edge_iiotset,A_raw,lgbm,13,DDoS_UDP,1.0,3287,SAFE_FINAL_01
edge_iiotset,A_raw,lgbm,13,Fingerprinting,1.0,27,SAFE_FINAL_01
edge_iiotset,A_raw,lgbm,13,MITM,1.0,33,SAFE_FINAL_01
edge_iiotset,A_raw,lgbm,13,Normal,1.0,43682,SAFE_FINAL_01
edge_iiotset,A_raw,lgbm,13,Password,1.0,1356,SAFE_FINAL_01
edge_iiotset,A_raw,lgbm,13,Port_Scanning,1.0,610,SAFE_FINAL_01
edge_iiotset,A_raw,lgbm,13,Ransomware,1.0,295,SAFE_FINAL_01
edge_iiotset,A_raw,lgbm,13,SQL_injection,1.0,1384,SAFE_FINAL_01
edge_iiotset,A_raw,lgbm,13,Uploading,1.0,1018,SAFE_FINAL_01
edge_iiotset,A_raw,lgbm,13,Vulnerability_scanner,1.0,1355,SAFE_FINAL_01
edge_iiotset,A_raw,lgbm,13,XSS,1.0,430,SAFE_FINAL_01
edge_iiotset,A_raw,mlp_softmax_en,13,Backdoor,0.9925373134328358,672,SAFE_FINAL_01
edge_iiotset,A_raw,mlp_softmax_en,13,DDoS_HTTP,1.0,1349,SAFE_FINAL_01
edge_iiotset,A_raw,mlp_softmax_en,13,DDoS_ICMP,0.9963334927466921,3148,SAFE_FINAL_01
edge_iiotset,A_raw,mlp_softmax_en,13,DDoS_TCP,1.0,1354,SAFE_FINAL_01
edge_iiotset,A_raw,mlp_softmax_en,13,DDoS_UDP,1.0,3287,SAFE_FINAL_01
edge_iiotset,A_raw,mlp_softmax_en,13,Fingerprinting,0.5684210526315789,27,SAFE_FINAL_01
edge_iiotset,A_raw,mlp_softmax_en,13,MITM,1.0,33,SAFE_FINAL_01
edge_iiotset,A_raw,mlp_softmax_en,13,Normal,1.0,43682,SAFE_FINAL_01
edge_iiotset,A_raw,mlp_softmax_en,13,Password,1.0,1356,SAFE_FINAL_01
edge_iiotset,A_raw,mlp_softmax_en,13,Port_Scanning,0.9820846905537459,610,SAFE_FINAL_01
edge_iiotset,A_raw,mlp_softmax_en,13,Ransomware,0.9471830985915493,295,SAFE_FINAL_01
edge_iiotset,A_raw,mlp_softmax_en,13,SQL_injection,1.0,1384,SAFE_FINAL_01
edge_iiotset,A_raw,mlp_softmax_en,13,Uploading,1.0,1018,SAFE_FINAL_01
edge_iiotset,A_raw,mlp_softmax_en,13,Vulnerability_scanner,0.9910979228486647,1355,SAFE_FINAL_01
edge_iiotset,A_raw,mlp_softmax_en,13,XSS,0.9725400457665904,430,SAFE_FINAL_01
edge_iiotset,A_raw,mlp_edl_both,13,Backdoor,0.9736247174076865,672,SAFE_FINAL_01
edge_iiotset,A_raw,mlp_edl_both,13,DDoS_HTTP,1.0,1349,SAFE_FINAL_01
edge_iiotset,A_raw,mlp_edl_both,13,DDoS_ICMP,0.9974522292993631,3148,SAFE_FINAL_01
edge_iiotset,A_raw,mlp_edl_both,13,DDoS_TCP,1.0,1354,SAFE_FINAL_01
edge_iiotset,A_raw,mlp_edl_both,13,DDoS_UDP,1.0,3287,SAFE_FINAL_01
edge_iiotset,A_raw,mlp_edl_both,13,Fingerprinting,0.5242718446601942,27,SAFE_FINAL_01
edge_iiotset,A_raw,mlp_edl_both,13,MITM,1.0,33,SAFE_FINAL_01
edge_iiotset,A_raw,mlp_edl_both,13,Normal,1.0,43682,SAFE_FINAL_01
edge_iiotset,A_raw,mlp_edl_both,13,Password,1.0,1356,SAFE_FINAL_01
edge_iiotset,A_raw,mlp_edl_both,13,Port_Scanning,0.9838709677419355,610,SAFE_FINAL_01
edge_iiotset,A_raw,mlp_edl_both,13,Ransomware,0.9520426287744227,295,SAFE_FINAL_01
edge_iiotset,A_raw,mlp_edl_both,13,SQL_injection,1.0,1384,SAFE_FINAL_01
edge_iiotset,A_raw,mlp_edl_both,13,Uploading,1.0,1018,SAFE_FINAL_01
edge_iiotset,A_raw,mlp_edl_both,13,Vulnerability_scanner,0.994807121661721,1355,SAFE_FINAL_01
edge_iiotset,A_raw,mlp_edl_both,13,XSS,0.9734104046242774,430,SAFE_FINAL_01
edge_iiotset,A_raw,rf,21,Backdoor,1.0,672,SAFE_FINAL_01
edge_iiotset,A_raw,rf,21,DDoS_HTTP,1.0,1349,SAFE_FINAL_01
edge_iiotset,A_raw,rf,21,DDoS_ICMP,1.0,3148,SAFE_FINAL_01
edge_iiotset,A_raw,rf,21,DDoS_TCP,1.0,1354,SAFE_FINAL_01
edge_iiotset,A_raw,rf,21,DDoS_UDP,1.0,3287,SAFE_FINAL_01
edge_iiotset,A_raw,rf,21,Fingerprinting,0.9811320754716981,27,SAFE_FINAL_01
edge_iiotset,A_raw,rf,21,MITM,1.0,33,SAFE_FINAL_01
edge_iiotset,A_raw,rf,21,Normal,1.0,43682,SAFE_FINAL_01
edge_iiotset,A_raw,rf,21,Password,1.0,1356,SAFE_FINAL_01
edge_iiotset,A_raw,rf,21,Port_Scanning,0.9991809991809992,610,SAFE_FINAL_01
edge_iiotset,A_raw,rf,21,Ransomware,1.0,295,SAFE_FINAL_01
edge_iiotset,A_raw,rf,21,SQL_injection,0.9996388587937883,1384,SAFE_FINAL_01
edge_iiotset,A_raw,rf,21,Uploading,0.9995085995085995,1018,SAFE_FINAL_01
edge_iiotset,A_raw,rf,21,Vulnerability_scanner,1.0,1355,SAFE_FINAL_01
edge_iiotset,A_raw,rf,21,XSS,1.0,430,SAFE_FINAL_01
edge_iiotset,A_raw,lgbm,21,Backdoor,1.0,672,SAFE_FINAL_01
edge_iiotset,A_raw,lgbm,21,DDoS_HTTP,1.0,1349,SAFE_FINAL_01
edge_iiotset,A_raw,lgbm,21,DDoS_ICMP,1.0,3148,SAFE_FINAL_01
edge_iiotset,A_raw,lgbm,21,DDoS_TCP,1.0,1354,SAFE_FINAL_01
edge_iiotset,A_raw,lgbm,21,DDoS_UDP,1.0,3287,SAFE_FINAL_01
edge_iiotset,A_raw,lgbm,21,Fingerprinting,1.0,27,SAFE_FINAL_01
edge_iiotset,A_raw,lgbm,21,MITM,1.0,33,SAFE_FINAL_01
edge_iiotset,A_raw,lgbm,21,Normal,1.0,43682,SAFE_FINAL_01
edge_iiotset,A_raw,lgbm,21,Password,1.0,1356,SAFE_FINAL_01
edge_iiotset,A_raw,lgbm,21,Port_Scanning,1.0,610,SAFE_FINAL_01
edge_iiotset,A_raw,lgbm,21,Ransomware,1.0,295,SAFE_FINAL_01
edge_iiotset,A_raw,lgbm,21,SQL_injection,1.0,1384,SAFE_FINAL_01
edge_iiotset,A_raw,lgbm,21,Uploading,1.0,1018,SAFE_FINAL_01
edge_iiotset,A_raw,lgbm,21,Vulnerability_scanner,1.0,1355,SAFE_FINAL_01
edge_iiotset,A_raw,lgbm,21,XSS,1.0,430,SAFE_FINAL_01
edge_iiotset,A_raw,mlp_softmax_en,21,Backdoor,0.9818456883509834,672,SAFE_FINAL_01
edge_iiotset,A_raw,mlp_softmax_en,21,DDoS_HTTP,1.0,1349,SAFE_FINAL_01
edge_iiotset,A_raw,mlp_softmax_en,21,DDoS_ICMP,0.9964934650940389,3148,SAFE_FINAL_01
edge_iiotset,A_raw,mlp_softmax_en,21,DDoS_TCP,1.0,1354,SAFE_FINAL_01
edge_iiotset,A_raw,mlp_softmax_en,21,DDoS_UDP,1.0,3287,SAFE_FINAL_01
edge_iiotset,A_raw,mlp_softmax_en,21,Fingerprinting,0.5094339622641509,27,SAFE_FINAL_01
edge_iiotset,A_raw,mlp_softmax_en,21,MITM,1.0,33,SAFE_FINAL_01
edge_iiotset,A_raw,mlp_softmax_en,21,Normal,0.9999885535066333,43682,SAFE_FINAL_01
edge_iiotset,A_raw,mlp_softmax_en,21,Password,1.0,1356,SAFE_FINAL_01
edge_iiotset,A_raw,mlp_softmax_en,21,Port_Scanning,0.9838709677419355,610,SAFE_FINAL_01
edge_iiotset,A_raw,mlp_softmax_en,21,Ransomware,0.9520426287744227,295,SAFE_FINAL_01
edge_iiotset,A_raw,mlp_softmax_en,21,SQL_injection,0.9992769342010123,1384,SAFE_FINAL_01
edge_iiotset,A_raw,mlp_softmax_en,21,Uploading,0.9995090819833088,1018,SAFE_FINAL_01
edge_iiotset,A_raw,mlp_softmax_en,21,Vulnerability_scanner,0.9910780669144982,1355,SAFE_FINAL_01
edge_iiotset,A_raw,mlp_softmax_en,21,XSS,0.9738933030646992,430,SAFE_FINAL_01
edge_iiotset,A_raw,mlp_edl_both,21,Backdoor,0.9741641337386018,672,SAFE_FINAL_01
edge_iiotset,A_raw,mlp_edl_both,21,DDoS_HTTP,1.0,1349,SAFE_FINAL_01
edge_iiotset,A_raw,mlp_edl_both,21,DDoS_ICMP,0.9968132568514978,3148,SAFE_FINAL_01
edge_iiotset,A_raw,mlp_edl_both,21,DDoS_TCP,1.0,1354,SAFE_FINAL_01
edge_iiotset,A_raw,mlp_edl_both,21,DDoS_UDP,1.0,3287,SAFE_FINAL_01
edge_iiotset,A_raw,mlp_edl_both,21,Fingerprinting,0.5046728971962616,27,SAFE_FINAL_01
edge_iiotset,A_raw,mlp_edl_both,21,MITM,1.0,33,SAFE_FINAL_01
edge_iiotset,A_raw,mlp_edl_both,21,Normal,1.0,43682,SAFE_FINAL_01
edge_iiotset,A_raw,mlp_edl_both,21,Password,1.0,1356,SAFE_FINAL_01
edge_iiotset,A_raw,mlp_edl_both,21,Port_Scanning,0.9799196787148594,610,SAFE_FINAL_01
edge_iiotset,A_raw,mlp_edl_both,21,Ransomware,0.9520426287744227,295,SAFE_FINAL_01
edge_iiotset,A_raw,mlp_edl_both,21,SQL_injection,0.9992769342010123,1384,SAFE_FINAL_01
edge_iiotset,A_raw,mlp_edl_both,21,Uploading,0.9990186457311089,1018,SAFE_FINAL_01
edge_iiotset,A_raw,mlp_edl_both,21,Vulnerability_scanner,0.9846384413638066,1355,SAFE_FINAL_01
edge_iiotset,A_raw,mlp_edl_both,21,XSS,0.9510022271714922,430,SAFE_FINAL_01
edge_iiotset,A_raw,rf,99,Backdoor,1.0,672,SAFE_FINAL_01
edge_iiotset,A_raw,rf,99,DDoS_HTTP,0.9996292176492398,1349,SAFE_FINAL_01
edge_iiotset,A_raw,rf,99,DDoS_ICMP,1.0,3148,SAFE_FINAL_01
edge_iiotset,A_raw,rf,99,DDoS_TCP,1.0,1354,SAFE_FINAL_01
edge_iiotset,A_raw,rf,99,DDoS_UDP,1.0,3287,SAFE_FINAL_01
edge_iiotset,A_raw,rf,99,Fingerprinting,1.0,27,SAFE_FINAL_01
edge_iiotset,A_raw,rf,99,MITM,1.0,33,SAFE_FINAL_01
edge_iiotset,A_raw,rf,99,Normal,1.0,43682,SAFE_FINAL_01
edge_iiotset,A_raw,rf,99,Password,1.0,1356,SAFE_FINAL_01
edge_iiotset,A_raw,rf,99,Port_Scanning,1.0,610,SAFE_FINAL_01
edge_iiotset,A_raw,rf,99,Ransomware,1.0,295,SAFE_FINAL_01
edge_iiotset,A_raw,rf,99,SQL_injection,1.0,1384,SAFE_FINAL_01
edge_iiotset,A_raw,rf,99,Uploading,1.0,1018,SAFE_FINAL_01
edge_iiotset,A_raw,rf,99,Vulnerability_scanner,1.0,1355,SAFE_FINAL_01
edge_iiotset,A_raw,rf,99,XSS,0.9988385598141696,430,SAFE_FINAL_01
edge_iiotset,A_raw,lgbm,99,Backdoor,1.0,672,SAFE_FINAL_01
edge_iiotset,A_raw,lgbm,99,DDoS_HTTP,1.0,1349,SAFE_FINAL_01
edge_iiotset,A_raw,lgbm,99,DDoS_ICMP,1.0,3148,SAFE_FINAL_01
edge_iiotset,A_raw,lgbm,99,DDoS_TCP,1.0,1354,SAFE_FINAL_01
edge_iiotset,A_raw,lgbm,99,DDoS_UDP,1.0,3287,SAFE_FINAL_01
edge_iiotset,A_raw,lgbm,99,Fingerprinting,1.0,27,SAFE_FINAL_01
edge_iiotset,A_raw,lgbm,99,MITM,1.0,33,SAFE_FINAL_01
edge_iiotset,A_raw,lgbm,99,Normal,1.0,43682,SAFE_FINAL_01
edge_iiotset,A_raw,lgbm,99,Password,1.0,1356,SAFE_FINAL_01
edge_iiotset,A_raw,lgbm,99,Port_Scanning,1.0,610,SAFE_FINAL_01
edge_iiotset,A_raw,lgbm,99,Ransomware,1.0,295,SAFE_FINAL_01
edge_iiotset,A_raw,lgbm,99,SQL_injection,1.0,1384,SAFE_FINAL_01
edge_iiotset,A_raw,lgbm,99,Uploading,1.0,1018,SAFE_FINAL_01
edge_iiotset,A_raw,lgbm,99,Vulnerability_scanner,1.0,1355,SAFE_FINAL_01
edge_iiotset,A_raw,lgbm,99,XSS,1.0,430,SAFE_FINAL_01
edge_iiotset,A_raw,mlp_softmax_en,99,Backdoor,0.9852507374631269,672,SAFE_FINAL_01
edge_iiotset,A_raw,mlp_softmax_en,99,DDoS_HTTP,1.0,1349,SAFE_FINAL_01
edge_iiotset,A_raw,mlp_softmax_en,99,DDoS_ICMP,0.9961734693877551,3148,SAFE_FINAL_01
edge_iiotset,A_raw,mlp_softmax_en,99,DDoS_TCP,1.0,1354,SAFE_FINAL_01
edge_iiotset,A_raw,mlp_softmax_en,99,DDoS_UDP,1.0,3287,SAFE_FINAL_01
edge_iiotset,A_raw,mlp_softmax_en,99,Fingerprinting,0.5675675675675675,27,SAFE_FINAL_01
edge_iiotset,A_raw,mlp_softmax_en,99,MITM,1.0,33,SAFE_FINAL_01
edge_iiotset,A_raw,mlp_softmax_en,99,Normal,1.0,43682,SAFE_FINAL_01
edge_iiotset,A_raw,mlp_softmax_en,99,Password,1.0,1356,SAFE_FINAL_01
edge_iiotset,A_raw,mlp_softmax_en,99,Port_Scanning,0.9819967266775778,610,SAFE_FINAL_01
edge_iiotset,A_raw,mlp_softmax_en,99,Ransomware,0.9689655172413794,295,SAFE_FINAL_01
edge_iiotset,A_raw,mlp_softmax_en,99,SQL_injection,1.0,1384,SAFE_FINAL_01
edge_iiotset,A_raw,mlp_softmax_en,99,Uploading,1.0,1018,SAFE_FINAL_01
edge_iiotset,A_raw,mlp_softmax_en,99,Vulnerability_scanner,0.9974102848686645,1355,SAFE_FINAL_01
edge_iiotset,A_raw,mlp_softmax_en,99,XSS,0.9919261822376009,430,SAFE_FINAL_01
edge_iiotset,A_raw,mlp_edl_both,99,Backdoor,0.9719909159727479,672,SAFE_FINAL_01
edge_iiotset,A_raw,mlp_edl_both,99,DDoS_HTTP,1.0,1349,SAFE_FINAL_01
edge_iiotset,A_raw,mlp_edl_both,99,DDoS_ICMP,0.9966533864541832,3148,SAFE_FINAL_01
edge_iiotset,A_raw,mlp_edl_both,99,DDoS_TCP,1.0,1354,SAFE_FINAL_01
edge_iiotset,A_raw,mlp_edl_both,99,DDoS_UDP,1.0,3287,SAFE_FINAL_01
edge_iiotset,A_raw,mlp_edl_both,99,Fingerprinting,0.5046728971962616,27,SAFE_FINAL_01
edge_iiotset,A_raw,mlp_edl_both,99,MITM,1.0,33,SAFE_FINAL_01
edge_iiotset,A_raw,mlp_edl_both,99,Normal,1.0,43682,SAFE_FINAL_01
edge_iiotset,A_raw,mlp_edl_both,99,Password,1.0,1356,SAFE_FINAL_01
edge_iiotset,A_raw,mlp_edl_both,99,Port_Scanning,0.9830781627719581,610,SAFE_FINAL_01
edge_iiotset,A_raw,mlp_edl_both,99,Ransomware,0.9594356261022927,295,SAFE_FINAL_01
edge_iiotset,A_raw,mlp_edl_both,99,SQL_injection,0.9996385977593061,1384,SAFE_FINAL_01
edge_iiotset,A_raw,mlp_edl_both,99,Uploading,0.9995090819833088,1018,SAFE_FINAL_01
edge_iiotset,A_raw,mlp_edl_both,99,Vulnerability_scanner,0.9977810650887574,1355,SAFE_FINAL_01
edge_iiotset,A_raw,mlp_edl_both,99,XSS,0.9848661233993015,430,SAFE_FINAL_01
edge_iiotset,D_strict,rf,42,Backdoor,0.9509433962264151,672,SAFE_FINAL_01
edge_iiotset,D_strict,rf,42,DDoS_HTTP,0.9613382899628253,1349,SAFE_FINAL_01
edge_iiotset,D_strict,rf,42,DDoS_ICMP,1.0,3148,SAFE_FINAL_01
edge_iiotset,D_strict,rf,42,DDoS_TCP,1.0,1354,SAFE_FINAL_01
edge_iiotset,D_strict,rf,42,DDoS_UDP,1.0,3287,SAFE_FINAL_01
edge_iiotset,D_strict,rf,42,Fingerprinting,0.1054945054945055,27,SAFE_FINAL_01
edge_iiotset,D_strict,rf,42,MITM,1.0,33,SAFE_FINAL_01
edge_iiotset,D_strict,rf,42,Normal,0.996773193390214,43682,SAFE_FINAL_01
edge_iiotset,D_strict,rf,42,Password,0.9398663697104677,1356,SAFE_FINAL_01
edge_iiotset,D_strict,rf,42,Port_Scanning,0.9411764705882353,610,SAFE_FINAL_01
edge_iiotset,D_strict,rf,42,Ransomware,0.8607594936708861,295,SAFE_FINAL_01
edge_iiotset,D_strict,rf,42,SQL_injection,1.0,1384,SAFE_FINAL_01
edge_iiotset,D_strict,rf,42,Uploading,0.9211295034079844,1018,SAFE_FINAL_01
edge_iiotset,D_strict,rf,42,Vulnerability_scanner,1.0,1355,SAFE_FINAL_01
edge_iiotset,D_strict,rf,42,XSS,0.880184331797235,430,SAFE_FINAL_01
edge_iiotset,D_strict,lgbm,42,Backdoor,0.958966565349544,672,SAFE_FINAL_01
edge_iiotset,D_strict,lgbm,42,DDoS_HTTP,0.9711964549483013,1349,SAFE_FINAL_01
edge_iiotset,D_strict,lgbm,42,DDoS_ICMP,0.9988872993164839,3148,SAFE_FINAL_01
edge_iiotset,D_strict,lgbm,42,DDoS_TCP,1.0,1354,SAFE_FINAL_01
edge_iiotset,D_strict,lgbm,42,DDoS_UDP,1.0,3287,SAFE_FINAL_01
edge_iiotset,D_strict,lgbm,42,Fingerprinting,0.7777777777777778,27,SAFE_FINAL_01
edge_iiotset,D_strict,lgbm,42,MITM,1.0,33,SAFE_FINAL_01
edge_iiotset,D_strict,lgbm,42,Normal,0.996761896013228,43682,SAFE_FINAL_01
edge_iiotset,D_strict,lgbm,42,Password,0.9547413793103449,1356,SAFE_FINAL_01
edge_iiotset,D_strict,lgbm,42,Port_Scanning,0.7802690582959642,610,SAFE_FINAL_01
edge_iiotset,D_strict,lgbm,42,Ransomware,0.8817204301075269,295,SAFE_FINAL_01
edge_iiotset,D_strict,lgbm,42,SQL_injection,1.0,1384,SAFE_FINAL_01
edge_iiotset,D_strict,lgbm,42,Uploading,0.9358452138492872,1018,SAFE_FINAL_01
edge_iiotset,D_strict,lgbm,42,Vulnerability_scanner,0.9992614475627769,1355,SAFE_FINAL_01
edge_iiotset,D_strict,lgbm,42,XSS,0.9061032863849765,430,SAFE_FINAL_01
edge_iiotset,D_strict,mlp_softmax_en,42,Backdoor,0.7111472742066721,672,SAFE_FINAL_01
edge_iiotset,D_strict,mlp_softmax_en,42,DDoS_HTTP,0.9375,1349,SAFE_FINAL_01
edge_iiotset,D_strict,mlp_softmax_en,42,DDoS_ICMP,0.9960133949928242,3148,SAFE_FINAL_01
edge_iiotset,D_strict,mlp_softmax_en,42,DDoS_TCP,1.0,1354,SAFE_FINAL_01
edge_iiotset,D_strict,mlp_softmax_en,42,DDoS_UDP,1.0,3287,SAFE_FINAL_01
edge_iiotset,D_strict,mlp_softmax_en,42,Fingerprinting,0.5945945945945946,27,SAFE_FINAL_01
edge_iiotset,D_strict,mlp_softmax_en,42,MITM,1.0,33,SAFE_FINAL_01
edge_iiotset,D_strict,mlp_softmax_en,42,Normal,0.9946930711266311,43682,SAFE_FINAL_01
edge_iiotset,D_strict,mlp_softmax_en,42,Password,0.9441517386722866,1356,SAFE_FINAL_01
edge_iiotset,D_strict,mlp_softmax_en,42,Port_Scanning,0.7810499359795134,610,SAFE_FINAL_01
edge_iiotset,D_strict,mlp_softmax_en,42,Ransomware,0.7130177514792899,295,SAFE_FINAL_01
edge_iiotset,D_strict,mlp_softmax_en,42,SQL_injection,1.0,1384,SAFE_FINAL_01
edge_iiotset,D_strict,mlp_softmax_en,42,Uploading,0.9163598106259864,1018,SAFE_FINAL_01
edge_iiotset,D_strict,mlp_softmax_en,42,Vulnerability_scanner,1.0,1355,SAFE_FINAL_01
edge_iiotset,D_strict,mlp_softmax_en,42,XSS,0.8244111349036403,430,SAFE_FINAL_01
edge_iiotset,D_strict,mlp_edl_both,42,Backdoor,0.7080350039777248,672,SAFE_FINAL_01
edge_iiotset,D_strict,mlp_edl_both,42,DDoS_HTTP,0.9344073647871116,1349,SAFE_FINAL_01
edge_iiotset,D_strict,mlp_edl_both,42,DDoS_ICMP,0.9964934650940389,3148,SAFE_FINAL_01
edge_iiotset,D_strict,mlp_edl_both,42,DDoS_TCP,0.9996308600959763,1354,SAFE_FINAL_01
edge_iiotset,D_strict,mlp_edl_both,42,DDoS_UDP,1.0,3287,SAFE_FINAL_01
edge_iiotset,D_strict,mlp_edl_both,42,Fingerprinting,0.10062893081761007,27,SAFE_FINAL_01
edge_iiotset,D_strict,mlp_edl_both,42,MITM,1.0,33,SAFE_FINAL_01
edge_iiotset,D_strict,mlp_edl_both,42,Normal,0.9944173865098328,43682,SAFE_FINAL_01
edge_iiotset,D_strict,mlp_edl_both,42,Password,0.9151166723030099,1356,SAFE_FINAL_01
edge_iiotset,D_strict,mlp_edl_both,42,Port_Scanning,0.9411764705882353,610,SAFE_FINAL_01
edge_iiotset,D_strict,mlp_edl_both,42,Ransomware,0.7336377473363774,295,SAFE_FINAL_01
edge_iiotset,D_strict,mlp_edl_both,42,SQL_injection,0.9996388587937883,1384,SAFE_FINAL_01
edge_iiotset,D_strict,mlp_edl_both,42,Uploading,0.8598548297040759,1018,SAFE_FINAL_01
edge_iiotset,D_strict,mlp_edl_both,42,Vulnerability_scanner,0.9992614475627769,1355,SAFE_FINAL_01
edge_iiotset,D_strict,mlp_edl_both,42,XSS,0.8089171974522293,430,SAFE_FINAL_01
edge_iiotset,D_strict,rf,7,Backdoor,0.9429657794676806,672,SAFE_FINAL_01
edge_iiotset,D_strict,rf,7,DDoS_HTTP,0.9595847237671487,1349,SAFE_FINAL_01
edge_iiotset,D_strict,rf,7,DDoS_ICMP,0.9992062232100334,3148,SAFE_FINAL_01
edge_iiotset,D_strict,rf,7,DDoS_TCP,1.0,1354,SAFE_FINAL_01
edge_iiotset,D_strict,rf,7,DDoS_UDP,1.0,3287,SAFE_FINAL_01
edge_iiotset,D_strict,rf,7,Fingerprinting,0.0935412026726058,27,SAFE_FINAL_01
edge_iiotset,D_strict,rf,7,MITM,1.0,33,SAFE_FINAL_01
edge_iiotset,D_strict,rf,7,Normal,0.9969690011481056,43682,SAFE_FINAL_01
edge_iiotset,D_strict,rf,7,Password,0.9354838709677419,1356,SAFE_FINAL_01
edge_iiotset,D_strict,rf,7,Port_Scanning,0.934612031386225,610,SAFE_FINAL_01
edge_iiotset,D_strict,rf,7,Ransomware,0.8709677419354839,295,SAFE_FINAL_01
edge_iiotset,D_strict,rf,7,SQL_injection,1.0,1384,SAFE_FINAL_01
edge_iiotset,D_strict,rf,7,Uploading,0.9128712871287129,1018,SAFE_FINAL_01
edge_iiotset,D_strict,rf,7,Vulnerability_scanner,1.0,1355,SAFE_FINAL_01
edge_iiotset,D_strict,rf,7,XSS,0.8734030197444832,430,SAFE_FINAL_01
edge_iiotset,D_strict,lgbm,7,Backdoor,0.9452054794520548,672,SAFE_FINAL_01
edge_iiotset,D_strict,lgbm,7,DDoS_HTTP,0.9652109548482606,1349,SAFE_FINAL_01
edge_iiotset,D_strict,lgbm,7,DDoS_ICMP,0.9984111852557992,3148,SAFE_FINAL_01
edge_iiotset,D_strict,lgbm,7,DDoS_TCP,1.0,1354,SAFE_FINAL_01
edge_iiotset,D_strict,lgbm,7,DDoS_UDP,1.0,3287,SAFE_FINAL_01
edge_iiotset,D_strict,lgbm,7,Fingerprinting,0.625,27,SAFE_FINAL_01
edge_iiotset,D_strict,lgbm,7,MITM,1.0,33,SAFE_FINAL_01
edge_iiotset,D_strict,lgbm,7,Normal,0.9969575550223304,43682,SAFE_FINAL_01
edge_iiotset,D_strict,lgbm,7,Password,0.944206008583691,1356,SAFE_FINAL_01
edge_iiotset,D_strict,lgbm,7,Port_Scanning,0.7855763039278815,610,SAFE_FINAL_01
edge_iiotset,D_strict,lgbm,7,Ransomware,0.8781362007168458,295,SAFE_FINAL_01
edge_iiotset,D_strict,lgbm,7,SQL_injection,1.0,1384,SAFE_FINAL_01
edge_iiotset,D_strict,lgbm,7,Uploading,0.9200819672131147,1018,SAFE_FINAL_01
edge_iiotset,D_strict,lgbm,7,Vulnerability_scanner,1.0,1355,SAFE_FINAL_01
edge_iiotset,D_strict,lgbm,7,XSS,0.8901869158878505,430,SAFE_FINAL_01
edge_iiotset,D_strict,mlp_softmax_en,7,Backdoor,0.7653880463871543,672,SAFE_FINAL_01
edge_iiotset,D_strict,mlp_softmax_en,7,DDoS_HTTP,0.9365443425076453,1349,SAFE_FINAL_01
edge_iiotset,D_strict,mlp_softmax_en,7,DDoS_ICMP,0.9911873097260054,3148,SAFE_FINAL_01
edge_iiotset,D_strict,mlp_softmax_en,7,DDoS_TCP,1.0,1354,SAFE_FINAL_01
edge_iiotset,D_strict,mlp_softmax_en,7,DDoS_UDP,0.9998478624676708,3287,SAFE_FINAL_01
edge_iiotset,D_strict,mlp_softmax_en,7,Fingerprinting,0.09420289855072464,27,SAFE_FINAL_01
edge_iiotset,D_strict,mlp_softmax_en,7,MITM,1.0,33,SAFE_FINAL_01
edge_iiotset,D_strict,mlp_softmax_en,7,Normal,0.9957337492545529,43682,SAFE_FINAL_01
edge_iiotset,D_strict,mlp_softmax_en,7,Password,0.9227513227513228,1356,SAFE_FINAL_01
edge_iiotset,D_strict,mlp_softmax_en,7,Port_Scanning,0.934612031386225,610,SAFE_FINAL_01
edge_iiotset,D_strict,mlp_softmax_en,7,Ransomware,0.7581699346405228,295,SAFE_FINAL_01
edge_iiotset,D_strict,mlp_softmax_en,7,SQL_injection,1.0,1384,SAFE_FINAL_01
edge_iiotset,D_strict,mlp_softmax_en,7,Uploading,0.8855201254573968,1018,SAFE_FINAL_01
edge_iiotset,D_strict,mlp_softmax_en,7,Vulnerability_scanner,1.0,1355,SAFE_FINAL_01
edge_iiotset,D_strict,mlp_softmax_en,7,XSS,0.8237791932059448,430,SAFE_FINAL_01
edge_iiotset,D_strict,mlp_edl_both,7,Backdoor,0.7212020033388982,672,SAFE_FINAL_01
edge_iiotset,D_strict,mlp_edl_both,7,DDoS_HTTP,0.9290670778720124,1349,SAFE_FINAL_01
edge_iiotset,D_strict,mlp_edl_both,7,DDoS_ICMP,0.9955328653477984,3148,SAFE_FINAL_01
edge_iiotset,D_strict,mlp_edl_both,7,DDoS_TCP,1.0,1354,SAFE_FINAL_01
edge_iiotset,D_strict,mlp_edl_both,7,DDoS_UDP,1.0,3287,SAFE_FINAL_01
edge_iiotset,D_strict,mlp_edl_both,7,Fingerprinting,0.09792843691148775,27,SAFE_FINAL_01
edge_iiotset,D_strict,mlp_edl_both,7,MITM,1.0,33,SAFE_FINAL_01
edge_iiotset,D_strict,mlp_edl_both,7,Normal,0.995721839265028,43682,SAFE_FINAL_01
edge_iiotset,D_strict,mlp_edl_both,7,Password,0.9185645272601795,1356,SAFE_FINAL_01
edge_iiotset,D_strict,mlp_edl_both,7,Port_Scanning,0.934612031386225,610,SAFE_FINAL_01
edge_iiotset,D_strict,mlp_edl_both,7,Ransomware,0.5992647058823529,295,SAFE_FINAL_01
edge_iiotset,D_strict,mlp_edl_both,7,SQL_injection,1.0,1384,SAFE_FINAL_01
edge_iiotset,D_strict,mlp_edl_both,7,Uploading,0.8724324324324324,1018,SAFE_FINAL_01
edge_iiotset,D_strict,mlp_edl_both,7,Vulnerability_scanner,0.9981515711645101,1355,SAFE_FINAL_01
edge_iiotset,D_strict,mlp_edl_both,7,XSS,0.8024948024948025,430,SAFE_FINAL_01
edge_iiotset,D_strict,rf,13,Backdoor,0.9501510574018127,672,SAFE_FINAL_01
edge_iiotset,D_strict,rf,13,DDoS_HTTP,0.9584569732937686,1349,SAFE_FINAL_01
edge_iiotset,D_strict,rf,13,DDoS_ICMP,1.0,3148,SAFE_FINAL_01
edge_iiotset,D_strict,rf,13,DDoS_TCP,1.0,1354,SAFE_FINAL_01
edge_iiotset,D_strict,rf,13,DDoS_UDP,1.0,3287,SAFE_FINAL_01
edge_iiotset,D_strict,rf,13,Fingerprinting,0.1187214611872146,27,SAFE_FINAL_01
edge_iiotset,D_strict,rf,13,MITM,1.0,33,SAFE_FINAL_01
edge_iiotset,D_strict,rf,13,Normal,0.9969345227844177,43682,SAFE_FINAL_01
edge_iiotset,D_strict,rf,13,Password,0.9301634472511144,1356,SAFE_FINAL_01
edge_iiotset,D_strict,rf,13,Port_Scanning,0.9464594127806563,610,SAFE_FINAL_01
edge_iiotset,D_strict,rf,13,Ransomware,0.8716094032549728,295,SAFE_FINAL_01
edge_iiotset,D_strict,rf,13,SQL_injection,1.0,1384,SAFE_FINAL_01
edge_iiotset,D_strict,rf,13,Uploading,0.9085603112840467,1018,SAFE_FINAL_01
edge_iiotset,D_strict,rf,13,Vulnerability_scanner,1.0,1355,SAFE_FINAL_01
edge_iiotset,D_strict,rf,13,XSS,0.8700696055684455,430,SAFE_FINAL_01
edge_iiotset,D_strict,lgbm,13,Backdoor,0.9536826119969628,672,SAFE_FINAL_01
edge_iiotset,D_strict,lgbm,13,DDoS_HTTP,0.9626064420584969,1349,SAFE_FINAL_01
edge_iiotset,D_strict,lgbm,13,DDoS_ICMP,0.9988880063542495,3148,SAFE_FINAL_01
edge_iiotset,D_strict,lgbm,13,DDoS_TCP,1.0,1354,SAFE_FINAL_01
edge_iiotset,D_strict,lgbm,13,DDoS_UDP,1.0,3287,SAFE_FINAL_01
edge_iiotset,D_strict,lgbm,13,Fingerprinting,0.7692307692307693,27,SAFE_FINAL_01
edge_iiotset,D_strict,lgbm,13,MITM,1.0,33,SAFE_FINAL_01
edge_iiotset,D_strict,lgbm,13,Normal,0.9969460390355913,43682,SAFE_FINAL_01
edge_iiotset,D_strict,lgbm,13,Password,0.9445438282647585,1356,SAFE_FINAL_01
edge_iiotset,D_strict,lgbm,13,Port_Scanning,0.7883495145631068,610,SAFE_FINAL_01
edge_iiotset,D_strict,lgbm,13,Ransomware,0.8801431127012522,295,SAFE_FINAL_01
edge_iiotset,D_strict,lgbm,13,SQL_injection,1.0,1384,SAFE_FINAL_01
edge_iiotset,D_strict,lgbm,13,Uploading,0.9206349206349206,1018,SAFE_FINAL_01
edge_iiotset,D_strict,lgbm,13,Vulnerability_scanner,0.9996308600959763,1355,SAFE_FINAL_01
edge_iiotset,D_strict,lgbm,13,XSS,0.8811188811188811,430,SAFE_FINAL_01
edge_iiotset,D_strict,mlp_softmax_en,13,Backdoor,0.6939970717423133,672,SAFE_FINAL_01
edge_iiotset,D_strict,mlp_softmax_en,13,DDoS_HTTP,0.9280492497114274,1349,SAFE_FINAL_01
edge_iiotset,D_strict,mlp_softmax_en,13,DDoS_ICMP,0.9942492012779552,3148,SAFE_FINAL_01
edge_iiotset,D_strict,mlp_softmax_en,13,DDoS_TCP,1.0,1354,SAFE_FINAL_01
edge_iiotset,D_strict,mlp_softmax_en,13,DDoS_UDP,1.0,3287,SAFE_FINAL_01
edge_iiotset,D_strict,mlp_softmax_en,13,Fingerprinting,0.10810810810810811,27,SAFE_FINAL_01
edge_iiotset,D_strict,mlp_softmax_en,13,MITM,1.0,33,SAFE_FINAL_01
edge_iiotset,D_strict,mlp_softmax_en,13,Normal,0.993847250813658,43682,SAFE_FINAL_01
edge_iiotset,D_strict,mlp_softmax_en,13,Password,0.887032328369052,1356,SAFE_FINAL_01
edge_iiotset,D_strict,mlp_softmax_en,13,Port_Scanning,0.9464594127806563,610,SAFE_FINAL_01
edge_iiotset,D_strict,mlp_softmax_en,13,Ransomware,0.7661538461538462,295,SAFE_FINAL_01
edge_iiotset,D_strict,mlp_softmax_en,13,SQL_injection,1.0,1384,SAFE_FINAL_01
edge_iiotset,D_strict,mlp_softmax_en,13,Uploading,0.844110275689223,1018,SAFE_FINAL_01
edge_iiotset,D_strict,mlp_softmax_en,13,Vulnerability_scanner,0.9977810650887574,1355,SAFE_FINAL_01
edge_iiotset,D_strict,mlp_softmax_en,13,XSS,0.8,430,SAFE_FINAL_01
edge_iiotset,D_strict,mlp_edl_both,13,Backdoor,0.7000821692686935,672,SAFE_FINAL_01
edge_iiotset,D_strict,mlp_edl_both,13,DDoS_HTTP,0.9223709369024856,1349,SAFE_FINAL_01
edge_iiotset,D_strict,mlp_edl_both,13,DDoS_ICMP,0.9947309596040236,3148,SAFE_FINAL_01
edge_iiotset,D_strict,mlp_edl_both,13,DDoS_TCP,1.0,1354,SAFE_FINAL_01
edge_iiotset,D_strict,mlp_edl_both,13,DDoS_UDP,1.0,3287,SAFE_FINAL_01
edge_iiotset,D_strict,mlp_edl_both,13,Fingerprinting,0.10567514677103718,27,SAFE_FINAL_01
edge_iiotset,D_strict,mlp_edl_both,13,MITM,1.0,33,SAFE_FINAL_01
edge_iiotset,D_strict,mlp_edl_both,13,Normal,0.9948317445733318,43682,SAFE_FINAL_01
edge_iiotset,D_strict,mlp_edl_both,13,Password,0.9283489096573209,1356,SAFE_FINAL_01
edge_iiotset,D_strict,mlp_edl_both,13,Port_Scanning,0.9464594127806563,610,SAFE_FINAL_01
edge_iiotset,D_strict,mlp_edl_both,13,Ransomware,0.711864406779661,295,SAFE_FINAL_01
edge_iiotset,D_strict,mlp_edl_both,13,SQL_injection,1.0,1384,SAFE_FINAL_01
edge_iiotset,D_strict,mlp_edl_both,13,Uploading,0.8886498117267349,1018,SAFE_FINAL_01
edge_iiotset,D_strict,mlp_edl_both,13,Vulnerability_scanner,0.9985218033998522,1355,SAFE_FINAL_01
edge_iiotset,D_strict,mlp_edl_both,13,XSS,0.7835269271383316,430,SAFE_FINAL_01
edge_iiotset,D_strict,rf,21,Backdoor,0.9454545454545454,672,SAFE_FINAL_01
edge_iiotset,D_strict,rf,21,DDoS_HTTP,0.9627699180938198,1349,SAFE_FINAL_01
edge_iiotset,D_strict,rf,21,DDoS_ICMP,1.0,3148,SAFE_FINAL_01
edge_iiotset,D_strict,rf,21,DDoS_TCP,1.0,1354,SAFE_FINAL_01
edge_iiotset,D_strict,rf,21,DDoS_UDP,1.0,3287,SAFE_FINAL_01
edge_iiotset,D_strict,rf,21,Fingerprinting,0.12077294685990338,27,SAFE_FINAL_01
edge_iiotset,D_strict,rf,21,MITM,1.0,33,SAFE_FINAL_01
edge_iiotset,D_strict,rf,21,Normal,0.9974869470422858,43682,SAFE_FINAL_01
edge_iiotset,D_strict,rf,21,Password,0.9416112342941612,1356,SAFE_FINAL_01
edge_iiotset,D_strict,rf,21,Port_Scanning,0.9307624890446976,610,SAFE_FINAL_01
edge_iiotset,D_strict,rf,21,Ransomware,0.8659420289855072,295,SAFE_FINAL_01
edge_iiotset,D_strict,rf,21,SQL_injection,1.0,1384,SAFE_FINAL_01
edge_iiotset,D_strict,rf,21,Uploading,0.9226248775710089,1018,SAFE_FINAL_01
edge_iiotset,D_strict,rf,21,Vulnerability_scanner,1.0,1355,SAFE_FINAL_01
edge_iiotset,D_strict,rf,21,XSS,0.8853211009174312,430,SAFE_FINAL_01
edge_iiotset,D_strict,lgbm,21,Backdoor,0.9507202426080363,672,SAFE_FINAL_01
edge_iiotset,D_strict,lgbm,21,DDoS_HTTP,0.9630459126539753,1349,SAFE_FINAL_01
edge_iiotset,D_strict,lgbm,21,DDoS_ICMP,0.9987293519695044,3148,SAFE_FINAL_01
edge_iiotset,D_strict,lgbm,21,DDoS_TCP,1.0,1354,SAFE_FINAL_01
edge_iiotset,D_strict,lgbm,21,DDoS_UDP,1.0,3287,SAFE_FINAL_01
edge_iiotset,D_strict,lgbm,21,Fingerprinting,0.6521739130434783,27,SAFE_FINAL_01
edge_iiotset,D_strict,lgbm,21,MITM,1.0,33,SAFE_FINAL_01
edge_iiotset,D_strict,lgbm,21,Normal,0.9974869470422858,43682,SAFE_FINAL_01
edge_iiotset,D_strict,lgbm,21,Password,0.9568034557235421,1356,SAFE_FINAL_01
edge_iiotset,D_strict,lgbm,21,Port_Scanning,0.8084824387011266,610,SAFE_FINAL_01
edge_iiotset,D_strict,lgbm,21,Ransomware,0.8824593128390597,295,SAFE_FINAL_01
edge_iiotset,D_strict,lgbm,21,SQL_injection,1.0,1384,SAFE_FINAL_01
edge_iiotset,D_strict,lgbm,21,Uploading,0.9390862944162437,1018,SAFE_FINAL_01
edge_iiotset,D_strict,lgbm,21,Vulnerability_scanner,0.99963113242346,1355,SAFE_FINAL_01
edge_iiotset,D_strict,lgbm,21,XSS,0.8861047835990888,430,SAFE_FINAL_01
edge_iiotset,D_strict,mlp_softmax_en,21,Backdoor,0.7330798479087453,672,SAFE_FINAL_01
edge_iiotset,D_strict,mlp_softmax_en,21,DDoS_HTTP,0.9276595744680851,1349,SAFE_FINAL_01
edge_iiotset,D_strict,mlp_softmax_en,21,DDoS_ICMP,0.9972925625099538,3148,SAFE_FINAL_01
edge_iiotset,D_strict,mlp_softmax_en,21,DDoS_TCP,1.0,1354,SAFE_FINAL_01
edge_iiotset,D_strict,mlp_softmax_en,21,DDoS_UDP,1.0,3287,SAFE_FINAL_01
edge_iiotset,D_strict,mlp_softmax_en,21,Fingerprinting,0.11416490486257928,27,SAFE_FINAL_01
edge_iiotset,D_strict,mlp_softmax_en,21,MITM,1.0,33,SAFE_FINAL_01
edge_iiotset,D_strict,mlp_softmax_en,21,Normal,0.9949925347421614,43682,SAFE_FINAL_01
edge_iiotset,D_strict,mlp_softmax_en,21,Password,0.9115942028985508,1356,SAFE_FINAL_01
edge_iiotset,D_strict,mlp_softmax_en,21,Port_Scanning,0.9307624890446976,610,SAFE_FINAL_01
edge_iiotset,D_strict,mlp_softmax_en,21,Ransomware,0.7661016949152543,295,SAFE_FINAL_01
edge_iiotset,D_strict,mlp_softmax_en,21,SQL_injection,1.0,1384,SAFE_FINAL_01
edge_iiotset,D_strict,mlp_softmax_en,21,Uploading,0.8772635814889336,1018,SAFE_FINAL_01
edge_iiotset,D_strict,mlp_softmax_en,21,Vulnerability_scanner,0.9992614475627769,1355,SAFE_FINAL_01
edge_iiotset,D_strict,mlp_softmax_en,21,XSS,0.8061538461538461,430,SAFE_FINAL_01
edge_iiotset,D_strict,mlp_edl_both,21,Backdoor,0.7134416543574594,672,SAFE_FINAL_01
edge_iiotset,D_strict,mlp_edl_both,21,DDoS_HTTP,0.9222999222999223,1349,SAFE_FINAL_01
edge_iiotset,D_strict,mlp_edl_both,21,DDoS_ICMP,0.9947309596040236,3148,SAFE_FINAL_01
edge_iiotset,D_strict,mlp_edl_both,21,DDoS_TCP,1.0,1354,SAFE_FINAL_01
edge_iiotset,D_strict,mlp_edl_both,21,DDoS_UDP,1.0,3287,SAFE_FINAL_01
edge_iiotset,D_strict,mlp_edl_both,21,Fingerprinting,0.11158798283261803,27,SAFE_FINAL_01
edge_iiotset,D_strict,mlp_edl_both,21,MITM,1.0,33,SAFE_FINAL_01
edge_iiotset,D_strict,mlp_edl_both,21,Normal,0.9948772139394914,43682,SAFE_FINAL_01
edge_iiotset,D_strict,mlp_edl_both,21,Password,0.9257142857142857,1356,SAFE_FINAL_01
edge_iiotset,D_strict,mlp_edl_both,21,Port_Scanning,0.9307624890446976,610,SAFE_FINAL_01
edge_iiotset,D_strict,mlp_edl_both,21,Ransomware,0.7487179487179487,295,SAFE_FINAL_01
edge_iiotset,D_strict,mlp_edl_both,21,SQL_injection,1.0,1384,SAFE_FINAL_01
edge_iiotset,D_strict,mlp_edl_both,21,Uploading,0.893223819301848,1018,SAFE_FINAL_01
edge_iiotset,D_strict,mlp_edl_both,21,Vulnerability_scanner,0.9955817378497791,1355,SAFE_FINAL_01
edge_iiotset,D_strict,mlp_edl_both,21,XSS,0.8020512820512821,430,SAFE_FINAL_01
edge_iiotset,D_strict,rf,99,Backdoor,0.9455370650529501,672,SAFE_FINAL_01
edge_iiotset,D_strict,rf,99,DDoS_HTTP,0.9595246936502042,1349,SAFE_FINAL_01
edge_iiotset,D_strict,rf,99,DDoS_ICMP,0.9998411437648927,3148,SAFE_FINAL_01
edge_iiotset,D_strict,rf,99,DDoS_TCP,1.0,1354,SAFE_FINAL_01
edge_iiotset,D_strict,rf,99,DDoS_UDP,1.0,3287,SAFE_FINAL_01
edge_iiotset,D_strict,rf,99,Fingerprinting,0.11188811188811189,27,SAFE_FINAL_01
edge_iiotset,D_strict,rf,99,MITM,1.0,33,SAFE_FINAL_01
edge_iiotset,D_strict,rf,99,Normal,0.9972107758175411,43682,SAFE_FINAL_01
edge_iiotset,D_strict,rf,99,Password,0.941522618609783,1356,SAFE_FINAL_01
edge_iiotset,D_strict,rf,99,Port_Scanning,0.9373913043478261,610,SAFE_FINAL_01
edge_iiotset,D_strict,rf,99,Ransomware,0.867513611615245,295,SAFE_FINAL_01
edge_iiotset,D_strict,rf,99,SQL_injection,1.0,1384,SAFE_FINAL_01
edge_iiotset,D_strict,rf,99,Uploading,0.9216362740266141,1018,SAFE_FINAL_01
edge_iiotset,D_strict,rf,99,Vulnerability_scanner,1.0,1355,SAFE_FINAL_01
edge_iiotset,D_strict,rf,99,XSS,0.8739884393063584,430,SAFE_FINAL_01
edge_iiotset,D_strict,lgbm,99,Backdoor,0.9406392694063926,672,SAFE_FINAL_01
edge_iiotset,D_strict,lgbm,99,DDoS_HTTP,0.9644707623982235,1349,SAFE_FINAL_01
edge_iiotset,D_strict,lgbm,99,DDoS_ICMP,0.9992057188244639,3148,SAFE_FINAL_01
edge_iiotset,D_strict,lgbm,99,DDoS_TCP,1.0,1354,SAFE_FINAL_01
edge_iiotset,D_strict,lgbm,99,DDoS_UDP,1.0,3287,SAFE_FINAL_01
edge_iiotset,D_strict,lgbm,99,Fingerprinting,0.7083333333333334,27,SAFE_FINAL_01
edge_iiotset,D_strict,lgbm,99,MITM,1.0,33,SAFE_FINAL_01
edge_iiotset,D_strict,lgbm,99,Normal,0.9972107758175411,43682,SAFE_FINAL_01
edge_iiotset,D_strict,lgbm,99,Password,0.9494804729487639,1356,SAFE_FINAL_01
edge_iiotset,D_strict,lgbm,99,Port_Scanning,0.7958251793868232,610,SAFE_FINAL_01
edge_iiotset,D_strict,lgbm,99,Ransomware,0.8581687612208259,295,SAFE_FINAL_01
edge_iiotset,D_strict,lgbm,99,SQL_injection,1.0,1384,SAFE_FINAL_01
edge_iiotset,D_strict,lgbm,99,Uploading,0.9279509453244762,1018,SAFE_FINAL_01
edge_iiotset,D_strict,lgbm,99,Vulnerability_scanner,1.0,1355,SAFE_FINAL_01
edge_iiotset,D_strict,lgbm,99,XSS,0.8878504672897196,430,SAFE_FINAL_01
edge_iiotset,D_strict,mlp_softmax_en,99,Backdoor,0.6882716049382716,672,SAFE_FINAL_01
edge_iiotset,D_strict,mlp_softmax_en,99,DDoS_HTTP,0.9322033898305084,1349,SAFE_FINAL_01
edge_iiotset,D_strict,mlp_softmax_en,99,DDoS_ICMP,0.995212256623045,3148,SAFE_FINAL_01
edge_iiotset,D_strict,mlp_softmax_en,99,DDoS_TCP,1.0,1354,SAFE_FINAL_01
edge_iiotset,D_strict,mlp_softmax_en,99,DDoS_UDP,1.0,3287,SAFE_FINAL_01
edge_iiotset,D_strict,mlp_softmax_en,99,Fingerprinting,0.48,27,SAFE_FINAL_01
edge_iiotset,D_strict,mlp_softmax_en,99,MITM,1.0,33,SAFE_FINAL_01
edge_iiotset,D_strict,mlp_softmax_en,99,Normal,0.994969564718043,43682,SAFE_FINAL_01
edge_iiotset,D_strict,mlp_softmax_en,99,Password,0.89067055393586,1356,SAFE_FINAL_01
edge_iiotset,D_strict,mlp_softmax_en,99,Port_Scanning,0.7958251793868232,610,SAFE_FINAL_01
edge_iiotset,D_strict,mlp_softmax_en,99,Ransomware,0.6592356687898089,295,SAFE_FINAL_01
edge_iiotset,D_strict,mlp_softmax_en,99,SQL_injection,1.0,1384,SAFE_FINAL_01
edge_iiotset,D_strict,mlp_softmax_en,99,Uploading,0.8502994011976048,1018,SAFE_FINAL_01
edge_iiotset,D_strict,mlp_softmax_en,99,Vulnerability_scanner,1.0,1355,SAFE_FINAL_01
edge_iiotset,D_strict,mlp_softmax_en,99,XSS,0.817047817047817,430,SAFE_FINAL_01
edge_iiotset,D_strict,mlp_edl_both,99,Backdoor,0.7292181069958847,672,SAFE_FINAL_01
edge_iiotset,D_strict,mlp_edl_both,99,DDoS_HTTP,0.9390843738176314,1349,SAFE_FINAL_01
edge_iiotset,D_strict,mlp_edl_both,99,DDoS_ICMP,0.9964934650940389,3148,SAFE_FINAL_01
edge_iiotset,D_strict,mlp_edl_both,99,DDoS_TCP,1.0,1354,SAFE_FINAL_01
edge_iiotset,D_strict,mlp_edl_both,99,DDoS_UDP,1.0,3287,SAFE_FINAL_01
edge_iiotset,D_strict,mlp_edl_both,99,Fingerprinting,0.5373134328358209,27,SAFE_FINAL_01
edge_iiotset,D_strict,mlp_edl_both,99,MITM,1.0,33,SAFE_FINAL_01
edge_iiotset,D_strict,mlp_edl_both,99,Normal,0.9954086317722681,43682,SAFE_FINAL_01
edge_iiotset,D_strict,mlp_edl_both,99,Password,0.8916363636363637,1356,SAFE_FINAL_01
edge_iiotset,D_strict,mlp_edl_both,99,Port_Scanning,0.7958251793868232,610,SAFE_FINAL_01
edge_iiotset,D_strict,mlp_edl_both,99,Ransomware,0.7357357357357357,295,SAFE_FINAL_01
edge_iiotset,D_strict,mlp_edl_both,99,SQL_injection,1.0,1384,SAFE_FINAL_01
edge_iiotset,D_strict,mlp_edl_both,99,Uploading,0.8508508508508509,1018,SAFE_FINAL_01
edge_iiotset,D_strict,mlp_edl_both,99,Vulnerability_scanner,1.0,1355,SAFE_FINAL_01
edge_iiotset,D_strict,mlp_edl_both,99,XSS,0.8149779735682819,430,SAFE_FINAL_01
edge_iiotset,E3_noport,rf,42,Backdoor,0.7476340694006309,672,SAFE_FINAL_01
edge_iiotset,E3_noport,rf,42,DDoS_HTTP,0.9441964285714286,1349,SAFE_FINAL_01
edge_iiotset,E3_noport,rf,42,DDoS_ICMP,1.0,3148,SAFE_FINAL_01
edge_iiotset,E3_noport,rf,42,DDoS_TCP,1.0,1354,SAFE_FINAL_01
edge_iiotset,E3_noport,rf,42,DDoS_UDP,1.0,3287,SAFE_FINAL_01
edge_iiotset,E3_noport,rf,42,Fingerprinting,0.08791208791208792,27,SAFE_FINAL_01
edge_iiotset,E3_noport,rf,42,MITM,1.0,33,SAFE_FINAL_01
edge_iiotset,E3_noport,rf,42,Normal,0.993351368700995,43682,SAFE_FINAL_01
edge_iiotset,E3_noport,rf,42,Password,0.8895478131949592,1356,SAFE_FINAL_01
edge_iiotset,E3_noport,rf,42,Port_Scanning,0.8767361111111112,610,SAFE_FINAL_01
edge_iiotset,E3_noport,rf,42,Ransomware,0.42950108459869846,295,SAFE_FINAL_01
edge_iiotset,E3_noport,rf,42,SQL_injection,1.0,1384,SAFE_FINAL_01
edge_iiotset,E3_noport,rf,42,Uploading,0.8546341463414634,1018,SAFE_FINAL_01
edge_iiotset,E3_noport,rf,42,Vulnerability_scanner,1.0,1355,SAFE_FINAL_01
edge_iiotset,E3_noport,rf,42,XSS,0.8275862068965517,430,SAFE_FINAL_01
edge_iiotset,E3_noport,lgbm,42,Backdoor,0.6844626967830253,672,SAFE_FINAL_01
edge_iiotset,E3_noport,lgbm,42,DDoS_HTTP,0.9393939393939394,1349,SAFE_FINAL_01
edge_iiotset,E3_noport,lgbm,42,DDoS_ICMP,0.9992054663912283,3148,SAFE_FINAL_01
edge_iiotset,E3_noport,lgbm,42,DDoS_TCP,1.0,1354,SAFE_FINAL_01
edge_iiotset,E3_noport,lgbm,42,DDoS_UDP,1.0,3287,SAFE_FINAL_01
edge_iiotset,E3_noport,lgbm,42,Fingerprinting,0.2956521739130435,27,SAFE_FINAL_01
edge_iiotset,E3_noport,lgbm,42,MITM,1.0,33,SAFE_FINAL_01
edge_iiotset,E3_noport,lgbm,42,Normal,0.9884749211046505,43682,SAFE_FINAL_01
edge_iiotset,E3_noport,lgbm,42,Password,0.9043478260869565,1356,SAFE_FINAL_01
edge_iiotset,E3_noport,lgbm,42,Port_Scanning,0.7551659361302442,610,SAFE_FINAL_01
edge_iiotset,E3_noport,lgbm,42,Ransomware,0.3553072625698324,295,SAFE_FINAL_01
edge_iiotset,E3_noport,lgbm,42,SQL_injection,1.0,1384,SAFE_FINAL_01
edge_iiotset,E3_noport,lgbm,42,Uploading,0.879695672848312,1018,SAFE_FINAL_01
edge_iiotset,E3_noport,lgbm,42,Vulnerability_scanner,1.0,1355,SAFE_FINAL_01
edge_iiotset,E3_noport,lgbm,42,XSS,0.8257080610021786,430,SAFE_FINAL_01
edge_iiotset,E3_noport,mlp_softmax_en,42,Backdoor,0.7145214521452146,672,SAFE_FINAL_01
edge_iiotset,E3_noport,mlp_softmax_en,42,DDoS_HTTP,0.8805327066196631,1349,SAFE_FINAL_01
edge_iiotset,E3_noport,mlp_softmax_en,42,DDoS_ICMP,0.9960133949928242,3148,SAFE_FINAL_01
edge_iiotset,E3_noport,mlp_softmax_en,42,DDoS_TCP,1.0,1354,SAFE_FINAL_01
edge_iiotset,E3_noport,mlp_softmax_en,42,DDoS_UDP,1.0,3287,SAFE_FINAL_01
edge_iiotset,E3_noport,mlp_softmax_en,42,Fingerprinting,0.4927536231884058,27,SAFE_FINAL_01
edge_iiotset,E3_noport,mlp_softmax_en,42,MITM,1.0,33,SAFE_FINAL_01
edge_iiotset,E3_noport,mlp_softmax_en,42,Normal,0.9877969712406799,43682,SAFE_FINAL_01
edge_iiotset,E3_noport,mlp_softmax_en,42,Password,0.8472167390446111,1356,SAFE_FINAL_01
edge_iiotset,E3_noport,mlp_softmax_en,42,Port_Scanning,0.7596513075965131,610,SAFE_FINAL_01
edge_iiotset,E3_noport,mlp_softmax_en,42,Ransomware,0.2765321375186846,295,SAFE_FINAL_01
edge_iiotset,E3_noport,mlp_softmax_en,42,SQL_injection,1.0,1384,SAFE_FINAL_01
edge_iiotset,E3_noport,mlp_softmax_en,42,Uploading,0.8252821670428894,1018,SAFE_FINAL_01
edge_iiotset,E3_noport,mlp_softmax_en,42,Vulnerability_scanner,0.9988917620982638,1355,SAFE_FINAL_01
edge_iiotset,E3_noport,mlp_softmax_en,42,XSS,0.6944444444444444,430,SAFE_FINAL_01
edge_iiotset,E3_noport,mlp_edl_both,42,Backdoor,0.71,672,SAFE_FINAL_01
edge_iiotset,E3_noport,mlp_edl_both,42,DDoS_HTTP,0.8761904761904762,1349,SAFE_FINAL_01
edge_iiotset,E3_noport,mlp_edl_both,42,DDoS_ICMP,0.9915104917507609,3148,SAFE_FINAL_01
edge_iiotset,E3_noport,mlp_edl_both,42,DDoS_TCP,1.0,1354,SAFE_FINAL_01
edge_iiotset,E3_noport,mlp_edl_both,42,DDoS_UDP,1.0,3287,SAFE_FINAL_01
edge_iiotset,E3_noport,mlp_edl_both,42,Fingerprinting,0.07554671968190854,27,SAFE_FINAL_01
edge_iiotset,E3_noport,mlp_edl_both,42,MITM,1.0,33,SAFE_FINAL_01
edge_iiotset,E3_noport,mlp_edl_both,42,Normal,0.988185195042642,43682,SAFE_FINAL_01
edge_iiotset,E3_noport,mlp_edl_both,42,Password,0.8483654982276487,1356,SAFE_FINAL_01
edge_iiotset,E3_noport,mlp_edl_both,42,Port_Scanning,0.9066666666666666,610,SAFE_FINAL_01
edge_iiotset,E3_noport,mlp_edl_both,42,Ransomware,0.14708520179372198,295,SAFE_FINAL_01
edge_iiotset,E3_noport,mlp_edl_both,42,SQL_injection,1.0,1384,SAFE_FINAL_01
edge_iiotset,E3_noport,mlp_edl_both,42,Uploading,0.82571299230421,1018,SAFE_FINAL_01
edge_iiotset,E3_noport,mlp_edl_both,42,Vulnerability_scanner,0.9974179269642198,1355,SAFE_FINAL_01
edge_iiotset,E3_noport,mlp_edl_both,42,XSS,0.6835443037974683,430,SAFE_FINAL_01
edge_iiotset,E3_noport,rf,7,Backdoor,0.728,672,SAFE_FINAL_01
edge_iiotset,E3_noport,rf,7,DDoS_HTTP,0.9420505200594353,1349,SAFE_FINAL_01
edge_iiotset,E3_noport,rf,7,DDoS_ICMP,0.9995235826584088,3148,SAFE_FINAL_01
edge_iiotset,E3_noport,rf,7,DDoS_TCP,1.0,1354,SAFE_FINAL_01
edge_iiotset,E3_noport,rf,7,DDoS_UDP,1.0,3287,SAFE_FINAL_01
edge_iiotset,E3_noport,rf,7,Fingerprinting,0.08,27,SAFE_FINAL_01
edge_iiotset,E3_noport,rf,7,MITM,1.0,33,SAFE_FINAL_01
edge_iiotset,E3_noport,rf,7,Normal,0.9934092133466296,43682,SAFE_FINAL_01
edge_iiotset,E3_noport,rf,7,Password,0.8806797192463982,1356,SAFE_FINAL_01
edge_iiotset,E3_noport,rf,7,Port_Scanning,0.8611353711790393,610,SAFE_FINAL_01
edge_iiotset,E3_noport,rf,7,Ransomware,0.4803312629399586,295,SAFE_FINAL_01
edge_iiotset,E3_noport,rf,7,SQL_injection,1.0,1384,SAFE_FINAL_01
edge_iiotset,E3_noport,rf,7,Uploading,0.8417442430181283,1018,SAFE_FINAL_01
edge_iiotset,E3_noport,rf,7,Vulnerability_scanner,1.0,1355,SAFE_FINAL_01
edge_iiotset,E3_noport,rf,7,XSS,0.8198614318706697,430,SAFE_FINAL_01
edge_iiotset,E3_noport,lgbm,7,Backdoor,0.6744186046511628,672,SAFE_FINAL_01
edge_iiotset,E3_noport,lgbm,7,DDoS_HTTP,0.9354960392304791,1349,SAFE_FINAL_01
edge_iiotset,E3_noport,lgbm,7,DDoS_ICMP,0.9984111852557992,3148,SAFE_FINAL_01
edge_iiotset,E3_noport,lgbm,7,DDoS_TCP,1.0,1354,SAFE_FINAL_01
edge_iiotset,E3_noport,lgbm,7,DDoS_UDP,1.0,3287,SAFE_FINAL_01
edge_iiotset,E3_noport,lgbm,7,Fingerprinting,0.1652892561983471,27,SAFE_FINAL_01
edge_iiotset,E3_noport,lgbm,7,MITM,1.0,33,SAFE_FINAL_01
edge_iiotset,E3_noport,lgbm,7,Normal,0.9888845238370346,43682,SAFE_FINAL_01
edge_iiotset,E3_noport,lgbm,7,Password,0.8952664927320164,1356,SAFE_FINAL_01
edge_iiotset,E3_noport,lgbm,7,Port_Scanning,0.7592708988057826,610,SAFE_FINAL_01
edge_iiotset,E3_noport,lgbm,7,Ransomware,0.351288056206089,295,SAFE_FINAL_01
edge_iiotset,E3_noport,lgbm,7,SQL_injection,1.0,1384,SAFE_FINAL_01
edge_iiotset,E3_noport,lgbm,7,Uploading,0.8639225181598063,1018,SAFE_FINAL_01
edge_iiotset,E3_noport,lgbm,7,Vulnerability_scanner,1.0,1355,SAFE_FINAL_01
edge_iiotset,E3_noport,lgbm,7,XSS,0.8114663726571113,430,SAFE_FINAL_01
edge_iiotset,E3_noport,mlp_softmax_en,7,Backdoor,0.6757782839787395,672,SAFE_FINAL_01
edge_iiotset,E3_noport,mlp_softmax_en,7,DDoS_HTTP,0.876984126984127,1349,SAFE_FINAL_01
edge_iiotset,E3_noport,mlp_softmax_en,7,DDoS_ICMP,0.9921562349927966,3148,SAFE_FINAL_01
edge_iiotset,E3_noport,mlp_softmax_en,7,DDoS_TCP,1.0,1354,SAFE_FINAL_01
edge_iiotset,E3_noport,mlp_softmax_en,7,DDoS_UDP,0.9998478624676708,3287,SAFE_FINAL_01
edge_iiotset,E3_noport,mlp_softmax_en,7,Fingerprinting,0.3076923076923077,27,SAFE_FINAL_01
edge_iiotset,E3_noport,mlp_softmax_en,7,MITM,1.0,33,SAFE_FINAL_01
edge_iiotset,E3_noport,mlp_softmax_en,7,Normal,0.9882464542699151,43682,SAFE_FINAL_01
edge_iiotset,E3_noport,mlp_softmax_en,7,Password,0.8453209590100541,1356,SAFE_FINAL_01
edge_iiotset,E3_noport,mlp_softmax_en,7,Port_Scanning,0.8993288590604027,610,SAFE_FINAL_01
edge_iiotset,E3_noport,mlp_softmax_en,7,Ransomware,0.1670886075949367,295,SAFE_FINAL_01
edge_iiotset,E3_noport,mlp_softmax_en,7,SQL_injection,1.0,1384,SAFE_FINAL_01
edge_iiotset,E3_noport,mlp_softmax_en,7,Uploading,0.8149861239592969,1018,SAFE_FINAL_01
edge_iiotset,E3_noport,mlp_softmax_en,7,Vulnerability_scanner,1.0,1355,SAFE_FINAL_01
edge_iiotset,E3_noport,mlp_softmax_en,7,XSS,0.7013487475915221,430,SAFE_FINAL_01
edge_iiotset,E3_noport,mlp_edl_both,7,Backdoor,0.6666666666666666,672,SAFE_FINAL_01
edge_iiotset,E3_noport,mlp_edl_both,7,DDoS_HTTP,0.9002998500749625,1349,SAFE_FINAL_01
edge_iiotset,E3_noport,mlp_edl_both,7,DDoS_ICMP,0.9963334927466921,3148,SAFE_FINAL_01
edge_iiotset,E3_noport,mlp_edl_both,7,DDoS_TCP,1.0,1354,SAFE_FINAL_01
edge_iiotset,E3_noport,mlp_edl_both,7,DDoS_UDP,1.0,3287,SAFE_FINAL_01
edge_iiotset,E3_noport,mlp_edl_both,7,Fingerprinting,0.08421052631578947,27,SAFE_FINAL_01
edge_iiotset,E3_noport,mlp_edl_both,7,MITM,1.0,33,SAFE_FINAL_01
edge_iiotset,E3_noport,mlp_edl_both,7,Normal,0.9898360617912066,43682,SAFE_FINAL_01
edge_iiotset,E3_noport,mlp_edl_both,7,Password,0.8430389510219822,1356,SAFE_FINAL_01
edge_iiotset,E3_noport,mlp_edl_both,7,Port_Scanning,0.8993288590604027,610,SAFE_FINAL_01
edge_iiotset,E3_noport,mlp_edl_both,7,Ransomware,0.10526315789473684,295,SAFE_FINAL_01
edge_iiotset,E3_noport,mlp_edl_both,7,SQL_injection,1.0,1384,SAFE_FINAL_01
edge_iiotset,E3_noport,mlp_edl_both,7,Uploading,0.8111368909512761,1018,SAFE_FINAL_01
edge_iiotset,E3_noport,mlp_edl_both,7,Vulnerability_scanner,0.9988917620982638,1355,SAFE_FINAL_01
edge_iiotset,E3_noport,mlp_edl_both,7,XSS,0.6952595936794582,430,SAFE_FINAL_01
edge_iiotset,E3_noport,rf,13,Backdoor,0.7423167848699763,672,SAFE_FINAL_01
edge_iiotset,E3_noport,rf,13,DDoS_HTTP,0.9430167597765363,1349,SAFE_FINAL_01
edge_iiotset,E3_noport,rf,13,DDoS_ICMP,1.0,3148,SAFE_FINAL_01
edge_iiotset,E3_noport,rf,13,DDoS_TCP,1.0,1354,SAFE_FINAL_01
edge_iiotset,E3_noport,rf,13,DDoS_UDP,1.0,3287,SAFE_FINAL_01
edge_iiotset,E3_noport,rf,13,Fingerprinting,0.08656036446469248,27,SAFE_FINAL_01
edge_iiotset,E3_noport,rf,13,MITM,1.0,33,SAFE_FINAL_01
edge_iiotset,E3_noport,rf,13,Normal,0.9931126161744651,43682,SAFE_FINAL_01
edge_iiotset,E3_noport,rf,13,Password,0.878765613519471,1356,SAFE_FINAL_01
edge_iiotset,E3_noport,rf,13,Port_Scanning,0.8831168831168831,610,SAFE_FINAL_01
edge_iiotset,E3_noport,rf,13,Ransomware,0.44642857142857145,295,SAFE_FINAL_01
edge_iiotset,E3_noport,rf,13,SQL_injection,1.0,1384,SAFE_FINAL_01
edge_iiotset,E3_noport,rf,13,Uploading,0.8371174728529122,1018,SAFE_FINAL_01
edge_iiotset,E3_noport,rf,13,Vulnerability_scanner,1.0,1355,SAFE_FINAL_01
edge_iiotset,E3_noport,rf,13,XSS,0.8247422680412371,430,SAFE_FINAL_01
edge_iiotset,E3_noport,lgbm,13,Backdoor,0.6942148760330579,672,SAFE_FINAL_01
edge_iiotset,E3_noport,lgbm,13,DDoS_HTTP,0.9360090874668686,1349,SAFE_FINAL_01
edge_iiotset,E3_noport,lgbm,13,DDoS_ICMP,0.9990467111534795,3148,SAFE_FINAL_01
edge_iiotset,E3_noport,lgbm,13,DDoS_TCP,1.0,1354,SAFE_FINAL_01
edge_iiotset,E3_noport,lgbm,13,DDoS_UDP,0.9998479087452471,3287,SAFE_FINAL_01
edge_iiotset,E3_noport,lgbm,13,Fingerprinting,0.2222222222222222,27,SAFE_FINAL_01
edge_iiotset,E3_noport,lgbm,13,MITM,1.0,33,SAFE_FINAL_01
edge_iiotset,E3_noport,lgbm,13,Normal,0.9883810999225406,43682,SAFE_FINAL_01
edge_iiotset,E3_noport,lgbm,13,Password,0.9040590405904059,1356,SAFE_FINAL_01
edge_iiotset,E3_noport,lgbm,13,Port_Scanning,0.757787666878576,610,SAFE_FINAL_01
edge_iiotset,E3_noport,lgbm,13,Ransomware,0.34594594594594597,295,SAFE_FINAL_01
edge_iiotset,E3_noport,lgbm,13,SQL_injection,1.0,1384,SAFE_FINAL_01
edge_iiotset,E3_noport,lgbm,13,Uploading,0.872423945044161,1018,SAFE_FINAL_01
edge_iiotset,E3_noport,lgbm,13,Vulnerability_scanner,1.0,1355,SAFE_FINAL_01
edge_iiotset,E3_noport,lgbm,13,XSS,0.8157033805888768,430,SAFE_FINAL_01
edge_iiotset,E3_noport,mlp_softmax_en,13,Backdoor,0.6651851851851852,672,SAFE_FINAL_01
edge_iiotset,E3_noport,mlp_softmax_en,13,DDoS_HTTP,0.8819018404907976,1349,SAFE_FINAL_01
edge_iiotset,E3_noport,mlp_softmax_en,13,DDoS_ICMP,0.9972925625099538,3148,SAFE_FINAL_01
edge_iiotset,E3_noport,mlp_softmax_en,13,DDoS_TCP,1.0,1354,SAFE_FINAL_01
edge_iiotset,E3_noport,mlp_softmax_en,13,DDoS_UDP,1.0,3287,SAFE_FINAL_01
edge_iiotset,E3_noport,mlp_softmax_en,13,Fingerprinting,0.5333333333333333,27,SAFE_FINAL_01
edge_iiotset,E3_noport,mlp_softmax_en,13,MITM,1.0,33,SAFE_FINAL_01
edge_iiotset,E3_noport,mlp_softmax_en,13,Normal,0.9878491911032935,43682,SAFE_FINAL_01
edge_iiotset,E3_noport,mlp_softmax_en,13,Password,0.8397832817337462,1356,SAFE_FINAL_01
edge_iiotset,E3_noport,mlp_softmax_en,13,Port_Scanning,0.9133333333333333,610,SAFE_FINAL_01
edge_iiotset,E3_noport,mlp_softmax_en,13,Ransomware,0.268370607028754,295,SAFE_FINAL_01
edge_iiotset,E3_noport,mlp_softmax_en,13,SQL_injection,1.0,1384,SAFE_FINAL_01
edge_iiotset,E3_noport,mlp_softmax_en,13,Uploading,0.8086876155268022,1018,SAFE_FINAL_01
edge_iiotset,E3_noport,mlp_softmax_en,13,Vulnerability_scanner,0.9985228951255539,1355,SAFE_FINAL_01
edge_iiotset,E3_noport,mlp_softmax_en,13,XSS,0.6743697478991597,430,SAFE_FINAL_01
edge_iiotset,E3_noport,mlp_edl_both,13,Backdoor,0.6445783132530121,672,SAFE_FINAL_01
edge_iiotset,E3_noport,mlp_edl_both,13,DDoS_HTTP,0.8531353135313532,1349,SAFE_FINAL_01
edge_iiotset,E3_noport,mlp_edl_both,13,DDoS_ICMP,0.9924787966074572,3148,SAFE_FINAL_01
edge_iiotset,E3_noport,mlp_edl_both,13,DDoS_TCP,1.0,1354,SAFE_FINAL_01
edge_iiotset,E3_noport,mlp_edl_both,13,DDoS_UDP,1.0,3287,SAFE_FINAL_01
edge_iiotset,E3_noport,mlp_edl_both,13,Fingerprinting,0.0794979079497908,27,SAFE_FINAL_01
edge_iiotset,E3_noport,mlp_edl_both,13,MITM,1.0,33,SAFE_FINAL_01
edge_iiotset,E3_noport,mlp_edl_both,13,Normal,0.9880362845374184,43682,SAFE_FINAL_01
edge_iiotset,E3_noport,mlp_edl_both,13,Password,0.8446866485013624,1356,SAFE_FINAL_01
edge_iiotset,E3_noport,mlp_edl_both,13,Port_Scanning,0.9133333333333333,610,SAFE_FINAL_01
edge_iiotset,E3_noport,mlp_edl_both,13,Ransomware,0.29873417721518986,295,SAFE_FINAL_01
edge_iiotset,E3_noport,mlp_edl_both,13,SQL_injection,1.0,1384,SAFE_FINAL_01
edge_iiotset,E3_noport,mlp_edl_both,13,Uploading,0.8168884809545663,1018,SAFE_FINAL_01
edge_iiotset,E3_noport,mlp_edl_both,13,Vulnerability_scanner,0.9988917620982638,1355,SAFE_FINAL_01
edge_iiotset,E3_noport,mlp_edl_both,13,XSS,0.6860158311345647,430,SAFE_FINAL_01
edge_iiotset,E3_noport,rf,21,Backdoor,0.7371744277821626,672,SAFE_FINAL_01
edge_iiotset,E3_noport,rf,21,DDoS_HTTP,0.9442793462109955,1349,SAFE_FINAL_01
edge_iiotset,E3_noport,rf,21,DDoS_ICMP,1.0,3148,SAFE_FINAL_01
edge_iiotset,E3_noport,rf,21,DDoS_TCP,1.0,1354,SAFE_FINAL_01
edge_iiotset,E3_noport,rf,21,DDoS_UDP,1.0,3287,SAFE_FINAL_01
edge_iiotset,E3_noport,rf,21,Fingerprinting,0.11538461538461539,27,SAFE_FINAL_01
edge_iiotset,E3_noport,rf,21,MITM,1.0,33,SAFE_FINAL_01
edge_iiotset,E3_noport,rf,21,Normal,0.9939978465556345,43682,SAFE_FINAL_01
edge_iiotset,E3_noport,rf,21,Password,0.883068978236813,1356,SAFE_FINAL_01
edge_iiotset,E3_noport,rf,21,Port_Scanning,0.8676599474145487,610,SAFE_FINAL_01
edge_iiotset,E3_noport,rf,21,Ransomware,0.484304932735426,295,SAFE_FINAL_01
edge_iiotset,E3_noport,rf,21,SQL_injection,1.0,1384,SAFE_FINAL_01
edge_iiotset,E3_noport,rf,21,Uploading,0.8443789887088856,1018,SAFE_FINAL_01
edge_iiotset,E3_noport,rf,21,Vulnerability_scanner,1.0,1355,SAFE_FINAL_01
edge_iiotset,E3_noport,rf,21,XSS,0.8267898383371824,430,SAFE_FINAL_01
edge_iiotset,E3_noport,lgbm,21,Backdoor,0.663973063973064,672,SAFE_FINAL_01
edge_iiotset,E3_noport,lgbm,21,DDoS_HTTP,0.9370314842578711,1349,SAFE_FINAL_01
edge_iiotset,E3_noport,lgbm,21,DDoS_ICMP,0.9992062232100334,3148,SAFE_FINAL_01
edge_iiotset,E3_noport,lgbm,21,DDoS_TCP,1.0,1354,SAFE_FINAL_01
edge_iiotset,E3_noport,lgbm,21,DDoS_UDP,1.0,3287,SAFE_FINAL_01
edge_iiotset,E3_noport,lgbm,21,Fingerprinting,0.18791946308724833,27,SAFE_FINAL_01
edge_iiotset,E3_noport,lgbm,21,MITM,1.0,33,SAFE_FINAL_01
edge_iiotset,E3_noport,lgbm,21,Normal,0.9893083939498903,43682,SAFE_FINAL_01
edge_iiotset,E3_noport,lgbm,21,Password,0.9045488441461595,1356,SAFE_FINAL_01
edge_iiotset,E3_noport,lgbm,21,Port_Scanning,0.7818770226537217,610,SAFE_FINAL_01
edge_iiotset,E3_noport,lgbm,21,Ransomware,0.37435897435897436,295,SAFE_FINAL_01
edge_iiotset,E3_noport,lgbm,21,SQL_injection,1.0,1384,SAFE_FINAL_01
edge_iiotset,E3_noport,lgbm,21,Uploading,0.8760890609874153,1018,SAFE_FINAL_01
edge_iiotset,E3_noport,lgbm,21,Vulnerability_scanner,1.0,1355,SAFE_FINAL_01
edge_iiotset,E3_noport,lgbm,21,XSS,0.8112359550561797,430,SAFE_FINAL_01
edge_iiotset,E3_noport,mlp_softmax_en,21,Backdoor,0.6504297994269341,672,SAFE_FINAL_01
edge_iiotset,E3_noport,mlp_softmax_en,21,DDoS_HTTP,0.9043221278167713,1349,SAFE_FINAL_01
edge_iiotset,E3_noport,mlp_softmax_en,21,DDoS_ICMP,0.9958532695374801,3148,SAFE_FINAL_01
edge_iiotset,E3_noport,mlp_softmax_en,21,DDoS_TCP,1.0,1354,SAFE_FINAL_01
edge_iiotset,E3_noport,mlp_softmax_en,21,DDoS_UDP,1.0,3287,SAFE_FINAL_01
edge_iiotset,E3_noport,mlp_softmax_en,21,Fingerprinting,0.10933940774487472,27,SAFE_FINAL_01
edge_iiotset,E3_noport,mlp_softmax_en,21,MITM,1.0,33,SAFE_FINAL_01
edge_iiotset,E3_noport,mlp_softmax_en,21,Normal,0.9910138248847926,43682,SAFE_FINAL_01
edge_iiotset,E3_noport,mlp_softmax_en,21,Password,0.8492501973164956,1356,SAFE_FINAL_01
edge_iiotset,E3_noport,mlp_softmax_en,21,Port_Scanning,0.8977176669484361,610,SAFE_FINAL_01
edge_iiotset,E3_noport,mlp_softmax_en,21,Ransomware,0.3717948717948718,295,SAFE_FINAL_01
edge_iiotset,E3_noport,mlp_softmax_en,21,SQL_injection,1.0,1384,SAFE_FINAL_01
edge_iiotset,E3_noport,mlp_softmax_en,21,Uploading,0.8274616079494128,1018,SAFE_FINAL_01
edge_iiotset,E3_noport,mlp_softmax_en,21,Vulnerability_scanner,0.9985218033998522,1355,SAFE_FINAL_01
edge_iiotset,E3_noport,mlp_softmax_en,21,XSS,0.6970760233918128,430,SAFE_FINAL_01
edge_iiotset,E3_noport,mlp_edl_both,21,Backdoor,0.6510574018126888,672,SAFE_FINAL_01
edge_iiotset,E3_noport,mlp_edl_both,21,DDoS_HTTP,0.8632268632268633,1349,SAFE_FINAL_01
edge_iiotset,E3_noport,mlp_edl_both,21,DDoS_ICMP,0.9963346613545817,3148,SAFE_FINAL_01
edge_iiotset,E3_noport,mlp_edl_both,21,DDoS_TCP,1.0,1354,SAFE_FINAL_01
edge_iiotset,E3_noport,mlp_edl_both,21,DDoS_UDP,1.0,3287,SAFE_FINAL_01
edge_iiotset,E3_noport,mlp_edl_both,21,Fingerprinting,0.5151515151515151,27,SAFE_FINAL_01
edge_iiotset,E3_noport,mlp_edl_both,21,MITM,1.0,33,SAFE_FINAL_01
edge_iiotset,E3_noport,mlp_edl_both,21,Normal,0.989332809412091,43682,SAFE_FINAL_01
edge_iiotset,E3_noport,mlp_edl_both,21,Password,0.8492501973164956,1356,SAFE_FINAL_01
edge_iiotset,E3_noport,mlp_edl_both,21,Port_Scanning,0.7865892972275951,610,SAFE_FINAL_01
edge_iiotset,E3_noport,mlp_edl_both,21,Ransomware,0.22755555555555557,295,SAFE_FINAL_01
edge_iiotset,E3_noport,mlp_edl_both,21,SQL_injection,1.0,1384,SAFE_FINAL_01
edge_iiotset,E3_noport,mlp_edl_both,21,Uploading,0.8274616079494128,1018,SAFE_FINAL_01
edge_iiotset,E3_noport,mlp_edl_both,21,Vulnerability_scanner,0.9930172730613744,1355,SAFE_FINAL_01
edge_iiotset,E3_noport,mlp_edl_both,21,XSS,0.7113122171945702,430,SAFE_FINAL_01
edge_iiotset,E3_noport,rf,99,Backdoor,0.7628053585500394,672,SAFE_FINAL_01
edge_iiotset,E3_noport,rf,99,DDoS_HTTP,0.9466666666666667,1349,SAFE_FINAL_01
edge_iiotset,E3_noport,rf,99,DDoS_ICMP,0.9998411437648927,3148,SAFE_FINAL_01
edge_iiotset,E3_noport,rf,99,DDoS_TCP,1.0,1354,SAFE_FINAL_01
edge_iiotset,E3_noport,rf,99,DDoS_UDP,1.0,3287,SAFE_FINAL_01
edge_iiotset,E3_noport,rf,99,Fingerprinting,0.09744779582366589,27,SAFE_FINAL_01
edge_iiotset,E3_noport,rf,99,MITM,1.0,33,SAFE_FINAL_01
edge_iiotset,E3_noport,rf,99,Normal,0.9938117393596296,43682,SAFE_FINAL_01
edge_iiotset,E3_noport,rf,99,Password,0.887582659808964,1356,SAFE_FINAL_01
edge_iiotset,E3_noport,rf,99,Port_Scanning,0.88,610,SAFE_FINAL_01
edge_iiotset,E3_noport,rf,99,Ransomware,0.4642082429501085,295,SAFE_FINAL_01
edge_iiotset,E3_noport,rf,99,SQL_injection,1.0,1384,SAFE_FINAL_01
edge_iiotset,E3_noport,rf,99,Uploading,0.8489634748272458,1018,SAFE_FINAL_01
edge_iiotset,E3_noport,rf,99,Vulnerability_scanner,1.0,1355,SAFE_FINAL_01
edge_iiotset,E3_noport,rf,99,XSS,0.8321678321678322,430,SAFE_FINAL_01
edge_iiotset,E3_noport,lgbm,99,Backdoor,0.6927751519243754,672,SAFE_FINAL_01
edge_iiotset,E3_noport,lgbm,99,DDoS_HTTP,0.9410881801125703,1349,SAFE_FINAL_01
edge_iiotset,E3_noport,lgbm,99,DDoS_ICMP,0.9993648777389648,3148,SAFE_FINAL_01
edge_iiotset,E3_noport,lgbm,99,DDoS_TCP,1.0,1354,SAFE_FINAL_01
edge_iiotset,E3_noport,lgbm,99,DDoS_UDP,1.0,3287,SAFE_FINAL_01
edge_iiotset,E3_noport,lgbm,99,Fingerprinting,0.171875,27,SAFE_FINAL_01
edge_iiotset,E3_noport,lgbm,99,MITM,1.0,33,SAFE_FINAL_01
edge_iiotset,E3_noport,lgbm,99,Normal,0.9882556929834702,43682,SAFE_FINAL_01
edge_iiotset,E3_noport,lgbm,99,Password,0.9024571854058079,1356,SAFE_FINAL_01
edge_iiotset,E3_noport,lgbm,99,Port_Scanning,0.7704081632653061,610,SAFE_FINAL_01
edge_iiotset,E3_noport,lgbm,99,Ransomware,0.332955832389581,295,SAFE_FINAL_01
edge_iiotset,E3_noport,lgbm,99,SQL_injection,1.0,1384,SAFE_FINAL_01
edge_iiotset,E3_noport,lgbm,99,Uploading,0.8729388942774006,1018,SAFE_FINAL_01
edge_iiotset,E3_noport,lgbm,99,Vulnerability_scanner,1.0,1355,SAFE_FINAL_01
edge_iiotset,E3_noport,lgbm,99,XSS,0.8241881298992161,430,SAFE_FINAL_01
edge_iiotset,E3_noport,mlp_softmax_en,99,Backdoor,0.6575781876503609,672,SAFE_FINAL_01
edge_iiotset,E3_noport,mlp_softmax_en,99,DDoS_HTTP,0.8933434190620272,1349,SAFE_FINAL_01
edge_iiotset,E3_noport,mlp_softmax_en,99,DDoS_ICMP,0.9964934650940389,3148,SAFE_FINAL_01
edge_iiotset,E3_noport,mlp_softmax_en,99,DDoS_TCP,1.0,1354,SAFE_FINAL_01
edge_iiotset,E3_noport,mlp_softmax_en,99,DDoS_UDP,1.0,3287,SAFE_FINAL_01
edge_iiotset,E3_noport,mlp_softmax_en,99,Fingerprinting,0.08968609865470852,27,SAFE_FINAL_01
edge_iiotset,E3_noport,mlp_softmax_en,99,MITM,1.0,33,SAFE_FINAL_01
edge_iiotset,E3_noport,mlp_softmax_en,99,Normal,0.9881046054154131,43682,SAFE_FINAL_01
edge_iiotset,E3_noport,mlp_softmax_en,99,Password,0.8838782412626832,1356,SAFE_FINAL_01
edge_iiotset,E3_noport,mlp_softmax_en,99,Port_Scanning,0.9051217464315701,610,SAFE_FINAL_01
edge_iiotset,E3_noport,mlp_softmax_en,99,Ransomware,0.26976744186046514,295,SAFE_FINAL_01
edge_iiotset,E3_noport,mlp_softmax_en,99,SQL_injection,1.0,1384,SAFE_FINAL_01
edge_iiotset,E3_noport,mlp_softmax_en,99,Uploading,0.8519405845711547,1018,SAFE_FINAL_01
edge_iiotset,E3_noport,mlp_softmax_en,99,Vulnerability_scanner,1.0,1355,SAFE_FINAL_01
edge_iiotset,E3_noport,mlp_softmax_en,99,XSS,0.6914660831509847,430,SAFE_FINAL_01
edge_iiotset,E3_noport,mlp_edl_both,99,Backdoor,0.6637992831541218,672,SAFE_FINAL_01
edge_iiotset,E3_noport,mlp_edl_both,99,DDoS_HTTP,0.8620689655172413,1349,SAFE_FINAL_01
edge_iiotset,E3_noport,mlp_edl_both,99,DDoS_ICMP,0.9948914431673053,3148,SAFE_FINAL_01
edge_iiotset,E3_noport,mlp_edl_both,99,DDoS_TCP,1.0,1354,SAFE_FINAL_01
edge_iiotset,E3_noport,mlp_edl_both,99,DDoS_UDP,1.0,3287,SAFE_FINAL_01
edge_iiotset,E3_noport,mlp_edl_both,99,Fingerprinting,0.3835616438356164,27,SAFE_FINAL_01
edge_iiotset,E3_noport,mlp_edl_both,99,MITM,1.0,33,SAFE_FINAL_01
edge_iiotset,E3_noport,mlp_edl_both,99,Normal,0.9882573434987332,43682,SAFE_FINAL_01
edge_iiotset,E3_noport,mlp_edl_both,99,Password,0.8539499036608863,1356,SAFE_FINAL_01
edge_iiotset,E3_noport,mlp_edl_both,99,Port_Scanning,0.7750952986022872,610,SAFE_FINAL_01
edge_iiotset,E3_noport,mlp_edl_both,99,Ransomware,0.2049469964664311,295,SAFE_FINAL_01
edge_iiotset,E3_noport,mlp_edl_both,99,SQL_injection,1.0,1384,SAFE_FINAL_01
edge_iiotset,E3_noport,mlp_edl_both,99,Uploading,0.823966558290757,1018,SAFE_FINAL_01
edge_iiotset,E3_noport,mlp_edl_both,99,Vulnerability_scanner,1.0,1355,SAFE_FINAL_01
edge_iiotset,E3_noport,mlp_edl_both,99,XSS,0.6923766816143497,430,SAFE_FINAL_01
