column,dummy_feature,token,rows,attack_rate_when_token,binary_MCC_as_attack_flag,orientation,abs_MCC
dns.qry.name.len,dns.qry.name.len_0,0,1613798,0.0,-0.997904786660114,normal(inverted),0.997904786660114
dns.qry.name.len,dns.qry.name.len_0.0,0.0,603331,1.0,0.9997417007383035,attack,0.9997417007383035
dns.qry.name.len,dns.qry.name.len_0.debian.pool.ntp.org,0.debian.pool.ntp.org,454,0.0,-0.008743007250789876,normal(inverted),0.008743007250789876
dns.qry.name.len,dns.qry.name.len_3.debian.pool.ntp.org,3.debian.pool.ntp.org,450,0.0,-0.008704398742529578,normal(inverted),0.008704398742529578
dns.qry.name.len,dns.qry.name.len_2.debian.pool.ntp.org,2.debian.pool.ntp.org,446,0.0,-0.008665618361049149,normal(inverted),0.008665618361049149
dns.qry.name.len,dns.qry.name.len_1.debian.pool.ntp.org,1.debian.pool.ntp.org,445,0.0,-0.008655896139999222,normal(inverted),0.008655896139999222
dns.qry.name.len,dns.qry.name.len_1.0,1.0,227,1.0,0.01654817168851792,attack,0.01654817168851792
mqtt.conack.flags,mqtt.conack.flags_0,0,1532586,0.0,-0.9131509752204074,normal(inverted),0.9131509752204074
mqtt.conack.flags,mqtt.conack.flags_0.0,0.0,603558,1.0,1.0,attack,1.0
mqtt.conack.flags,mqtt.conack.flags_0x00000000,0x00000000,83017,0.0,-0.12048999666463509,normal(inverted),0.12048999666463509
mqtt.msg,mqtt.msg_0,0,1532627,0.0,-0.9131904547066646,normal(inverted),0.9131904547066646
mqtt.msg,mqtt.msg_0.0,0.0,603558,1.0,1.0,attack,1.0
mqtt.msg,mqtt.msg_32332e36332037342e35330d0a,32332e36332037342e35330d0a,6598,0.0,-0.03337653213110896,normal(inverted),0.03337653213110896
mqtt.msg,mqtt.msg_32332e30362037332e35300d0a,32332e30362037332e35300d0a,4364,0.0,-0.02713053073745186,normal(inverted),0.02713053073745186
mqtt.msg,mqtt.msg_32332e38322037342e38370d0a,32332e38322037342e38370d0a,3352,0.0,-0.02377216454985206,normal(inverted),0.02377216454985206
mqtt.msg,mqtt.msg_32342e35382037362e32340d0a,32342e35382037362e32340d0a,2854,0.0,-0.021932841996750458,normal(inverted),0.021932841996750458
mqtt.msg,mqtt.msg_32332e38342037342e39320d0a,32332e38342037342e39320d0a,2578,0.0,-0.02084406134378933,normal(inverted),0.02084406134378933
mqtt.msg,mqtt.msg_32332e36352037342e35380d0a,32332e36352037342e35380d0a,2424,0.0,-0.02021120039136772,normal(inverted),0.02021120039136772
mqtt.msg,mqtt.msg_32332e37392037342e38320d0a,32332e37392037342e38320d0a,2164,0.0,-0.01909540884771432,normal(inverted),0.01909540884771432
mqtt.msg,mqtt.msg_32332e34342037342e31390d0a,32332e34342037342e31390d0a,1874,0.0,-0.017768743751825793,normal(inverted),0.017768743751825793
mqtt.protoname,mqtt.protoname_0,0,1532608,0.0,-0.9131721589609716,normal(inverted),0.9131721589609716
mqtt.protoname,mqtt.protoname_0.0,0.0,603558,1.0,1.0,attack,1.0
mqtt.protoname,mqtt.protoname_MQTT,MQTT,83035,0.0,-0.12050356615863762,normal(inverted),0.12050356615863762
mqtt.topic,mqtt.topic_0,0,1532627,0.0,-0.9131904547066646,normal(inverted),0.9131904547066646
mqtt.topic,mqtt.topic_0.0,0.0,603558,1.0,1.0,attack,1.0
mqtt.topic,mqtt.topic_Temperature_and_Humidity,Temperature_and_Humidity,83016,0.0,-0.12048924276575448,normal(inverted),0.12048924276575448
