feature,type,cardinality,cardinality_ratio,top_token_share,missing_tokens,inf_tokens,constant,identifier_like,timestamp_like,target_derived_name,protocol_prefix
flow_duration,numeric,737163,0.701941672689461,0.2959186879925955,0,0,False,True,False,False,
Header_Length,numeric,472938,0.45034122819296174,0.14242075383482974,0,0,False,False,False,False,
Protocol Type,numeric,3938,0.0037498440739037325,0.3740074292238356,0,0,False,False,False,False,
Duration,numeric,11851,0.011284764377814406,0.4350933223637539,0,0,False,False,False,False,
Rate,numeric,981793,0.9348833577577875,0.012923535746831248,0,0,False,True,False,False,
Srate,numeric,981793,0.9348833577577875,0.012923535746831248,0,0,False,True,False,False,
Drate,numeric,45,4.2849919584984247e-05,0.9999581023008502,0,0,False,False,False,False,
fin_flag_number,numeric,2,1.9044408704437442e-06,0.9614103146421984,0,0,False,False,False,False,
syn_flag_number,numeric,2,1.9044408704437442e-06,0.856071881216214,0,0,False,False,False,False,
rst_flag_number,numeric,2,1.9044408704437442e-06,0.9380294940757605,0,0,False,False,False,False,
psh_flag_number,numeric,2,1.9044408704437442e-06,0.9480059075755801,0,0,False,False,False,False,
ack_flag_number,numeric,2,1.9044408704437442e-06,0.6868461221298886,0,0,False,False,False,False,
ece_flag_number,numeric,2,1.9044408704437442e-06,0.9999885733547773,0,0,False,False,False,False,
cwr_flag_number,numeric,2,1.9044408704437442e-06,0.999991430016083,0,0,False,False,False,False,
ack_count,numeric,572,0.0005446700889469108,0.7895649971385776,0,0,False,False,False,False,
syn_count,numeric,1200,0.0011426645222662466,0.5057242731463363,0,0,False,False,False,False,
fin_count,numeric,859,0.0008179573538555882,0.8105566966330437,0,0,False,False,False,False,
urg_count,numeric,30121,0.02868183172931801,0.545528991779481,0,0,False,False,False,False,
rst_count,numeric,59891,0.057029434085873146,0.4351990188320635,0,0,False,False,False,False,
HTTP,numeric,2,1.9044408704437442e-06,0.9104455725082534,0,0,False,False,False,False,
HTTPS,numeric,2,1.9044408704437442e-06,0.8648561147311358,0,0,False,False,False,False,
DNS,numeric,2,1.9044408704437442e-06,0.999171568221357,0,0,False,False,False,False,
Telnet,numeric,2,1.9044408704437442e-06,0.9999990477795648,0,0,False,False,False,False,
SMTP,numeric,1,9.522204352218721e-07,1.0,0,0,True,False,False,False,
SSH,numeric,2,1.9044408704437442e-06,0.9981841156300318,0,0,False,False,False,False,
IRC,numeric,2,1.9044408704437442e-06,0.9999961911182591,0,0,False,False,False,False,
TCP,numeric,2,1.9044408704437442e-06,0.5955586534460381,0,0,False,False,False,False,
UDP,numeric,2,1.9044408704437442e-06,0.837775917773861,0,0,False,False,False,False,
DHCP,numeric,2,1.9044408704437442e-06,0.9999980955591296,0,0,False,False,False,False,
ARP,numeric,2,1.9044408704437442e-06,0.9992953568779358,0,0,False,False,False,False,
ICMP,numeric,2,1.9044408704437442e-06,0.9250031185219254,0,0,False,False,False,False,
IPv,numeric,2,1.9044408704437442e-06,0.998781157842916,0,0,False,False,False,False,
LLC,numeric,2,1.9044408704437442e-06,0.998781157842916,0,0,False,False,False,False,
Tot sum,numeric,275292,0.2621386680530996,0.20074520771260465,0,0,False,False,False,False,
Min,numeric,51441,0.04898317140824832,0.30397732953587825,0,0,False,False,False,False,
Max,numeric,108657,0.10346541582990296,0.20642139372696222,0,0,False,False,False,False,
AVG,numeric,543966,0.5179755412659008,0.20495592647715574,0,0,False,True,False,False,
Std,numeric,527381,0.5021829653477461,0.35145218377473514,0,0,False,True,False,False,
Tot size,numeric,86240,0.08211949033353425,0.2062557073712336,0,0,False,False,False,False,
IAT,numeric,1013764,0.965326797292266,0.00034660823842076147,0,0,False,True,False,False,
Number,numeric,97,9.236538221652159e-05,0.7305863678218053,0,0,False,False,False,False,
Magnitue,numeric,539165,0.5134039309564007,0.20707842582726532,0,0,False,True,False,False,
Radius,numeric,520488,0.49561930988776176,0.3564884776566236,0,0,False,False,False,False,
Covariance,numeric,520907,0.49601829025011973,0.3564884776566236,0,0,False,False,False,False,
Variance,numeric,589,0.0005608578363456827,0.3564884776566236,0,0,False,False,False,False,
Weight,numeric,103,9.807870482785283e-05,0.7304673402674026,0,0,False,False,False,False,
