F1,MCC,Acc,BalAcc,AUROC,feature,view,MacroF1_multiclass
0.041938532151374705,0.12523880306924648,0.7338625,0.5107091970400331,0.5107175978916885,frame.time,raw_token,0.13474364023917132
0.4340159067189693,0.4671466181593235,0.8034125,0.638576090453647,0.7986802007549992,ip.src_host,raw_token,0.0824367989942189
0.383746842965384,0.42981300338259765,0.7926,0.6187118270988552,0.7556999825829998,ip.dst_host,raw_token,0.14202617735299553
0.04771728406135079,0.13191997493290294,0.734575,0.5121486877652305,0.512345003566864,arp.dst.proto_ipv4,raw_token,0.13796635279731612
0.003485918723052931,0.030522060569226555,0.728425,0.5008131891036696,0.5012278406368755,arp.opcode,raw_token,0.05960485531535764
0.003485918723052931,0.030522060569226555,0.728425,0.5008131891036696,0.5012278406368755,arp.opcode,canonical_numeric,0.05960485531535764
0.0,0.0,0.7280375,0.5,0.5012267314924481,arp.hw.size,raw_token,0.05617451395971827
0.0,0.0,0.7280375,0.5,0.5012267314924481,arp.hw.size,canonical_numeric,0.05617451395971827
0.34253512546167614,0.3987506122207657,0.7841625,0.6033003528757792,0.6035281741399144,arp.src.proto_ipv4,raw_token,0.13051454897933043
0.08274585830102221,0.17830930489578264,0.739775,0.521579261846762,0.5969343199889691,icmp.checksum,raw_token,0.08073736053077944
0.3247738209817132,0.3860047231974314,0.7807625,0.5969343199889691,0.5969343199889691,icmp.checksum,canonical_numeric,0.12442687604397996
0.10015717778553965,0.19733083834385584,0.742375,0.5263593326285793,0.6062186882382682,icmp.seq_le,raw_token,0.0944283581704568
0.3504302664998673,0.4051492394262703,0.7858125,0.6062186882382682,0.6062186882382682,icmp.seq_le,canonical_numeric,0.13491851879767927
0.0,0.0,0.7280375,0.5,0.5000919244381119,icmp.transmit_timestamp,raw_token,0.05617451395971827
0.0003676301640549607,0.011569596751926758,0.7280875,0.5000919244381119,0.5000919244381119,icmp.transmit_timestamp,canonical_numeric,0.06950947272477377
0.0,0.0,0.7280375,0.5,0.5,icmp.unused,raw_token,0.05617451395971827
0.0,0.0,0.7280375,0.5,0.5,icmp.unused,canonical_numeric,0.05617451395971827
0.42733745346777985,0.4621847797218286,0.8019375,0.6358643195293469,0.6375879027439445,http.file_data,raw_token,0.16043391707214016
0.1345279945125611,0.23141417525123933,0.74765,0.5360573608493818,0.5361263041779657,http.content_length,raw_token,0.1265416517342068
0.1347678854644434,0.23163973703288537,0.7476875,0.5361263041779657,0.5361263041779657,http.content_length,canonical_numeric,0.12090126622236358
0.26885741565881605,0.34359161000565364,0.770275,0.5776531690950039,0.5839270119961392,http.request.uri.query,raw_token,0.11886390144075139
0.5939186350857918,0.5894307936465979,0.8429125,0.711196396562026,0.711196396562026,http.request.method,raw_token,0.1255813809947382
0.3222547809993831,0.38411723501275913,0.780275,0.5960380567173783,0.5960380567173783,http.referer,raw_token,0.10185450766633168
0.5616157609414254,0.5639438288152419,0.834225,0.6952245254400883,0.711196396562026,http.request.full_uri,raw_token,0.12751044619856328
0.5959149430479816,0.5910238049505894,0.8434625,0.7122075653812566,0.7122075653812566,http.request.version,raw_token,0.12889137154066516
0.09824745421965823,0.19531386711607598,0.7420875,0.525830767109436,0.525830767109436,http.response,raw_token,0.0897635461938714
0.09824745421965823,0.19531386711607598,0.7420875,0.525830767109436,0.525830767109436,http.response,canonical_numeric,0.0897635461938714
0.0,0.0,0.7280375,0.5,0.5,http.tls_port,raw_token,0.05617451395971827
0.0,0.0,0.7280375,0.5,0.5,http.tls_port,canonical_numeric,0.05617451395971827
0.6747706129052861,0.543591540768542,0.8090375,0.7837829422237688,0.8899085420338642,tcp.ack,raw_token,0.35245278638216104
0.6829146564631509,0.553522370280908,0.8094,0.7922666324869732,0.88050036430482,tcp.ack,canonical_numeric,0.0850404138406089
0.5423641393538707,0.37625281142461947,0.756,0.6857270317943869,0.7364256972575285,tcp.ack_raw,raw_token,0.20257774841557366
0.5009035926845137,0.32736535310752896,0.7410875,0.6585984958655282,0.7010758588886754,tcp.ack_raw,canonical_numeric,0.08046842186471667
0.5517987715706347,0.4692345886965873,0.80845,0.6910266382944865,0.699263991960132,tcp.checksum,raw_token,0.10591083302431913
0.5698143664245359,0.5558682671405528,0.8334375,0.6994344955916663,0.6990668743863617,tcp.checksum,canonical_numeric,0.10274248036746185
0.0,0.0,0.7280375,0.5,0.5285384664359611,tcp.connection.fin,raw_token,0.05617451395971827
0.0,0.0,0.7280375,0.5,0.5285384664359611,tcp.connection.fin,canonical_numeric,0.05617451395971827
0.0,0.0,0.7280375,0.5,0.5164789300504876,tcp.connection.rst,raw_token,0.05617451395971827
0.0,0.0,0.7280375,0.5,0.5164789300504876,tcp.connection.rst,canonical_numeric,0.05617451395971827
0.0,0.0,0.7280375,0.5,0.5350829062495314,tcp.connection.syn,raw_token,0.05617451395971827
0.0,0.0,0.7280375,0.5,0.5350829062495314,tcp.connection.syn,canonical_numeric,0.05617451395971827
0.0,0.0,0.7280375,0.5,0.5161976832208562,tcp.connection.synack,raw_token,0.05617451395971827
0.0,0.0,0.7280375,0.5,0.5161976832208562,tcp.connection.synack,canonical_numeric,0.05617451395971827
0.9048554044554336,0.8743179581810631,0.9509375,0.9217769390038218,0.9793386224415639,tcp.dstport,raw_token,0.32294402874702577
0.8684765537356967,0.8181731890439915,0.926725,0.9150818382353834,0.9563870897037525,tcp.dstport,canonical_numeric,0.12623734278197193
0.6305604500911929,0.6065818539085762,0.8506125,0.7310105400830943,0.8362392283383211,tcp.flags,raw_token,0.13542957356893817
0.5698143664245359,0.5558682671405528,0.8334375,0.6994344955916663,0.7956449952663918,tcp.flags,canonical_numeric,0.10274248036746185
0.5434568711052804,0.3775559360629046,0.7564,0.6864624272992819,0.686462427299282,tcp.flags.ack,raw_token,0.05617451395971827
0.5434568711052804,0.3775559360629046,0.7564,0.6864624272992819,0.686462427299282,tcp.flags.ack,canonical_numeric,0.05617451395971827
0.34344043090135223,0.38541622897702704,0.7821125,0.6027706379657726,0.7270151252601151,tcp.len,raw_token,0.35409754394829324
0.31644892657957063,0.3614131662351452,0.776325,0.5927926180517398,0.7104681017910743,tcp.len,canonical_numeric,0.1490645500258428
0.7083617798094334,0.6850266851392842,0.8771875,0.7742105988877144,0.9897859694612522,tcp.options,raw_token,0.18278760303373767
0.671612174497054,0.653272173666765,0.8655375,0.7527922048076481,0.8313270987410977,tcp.payload,raw_token,0.23069765211883508
0.7226516853932584,0.6161574102482272,0.845725,0.8123046685097919,0.8841605933933261,tcp.seq,raw_token,0.2878064155412855
0.7361420045367454,0.6329145926573563,0.8502375,0.8245310626731857,0.9084198350311058,tcp.seq,canonical_numeric,0.10706921618918681
0.8168529664660361,0.7723345339306182,0.9121375,0.8520991595225501,0.9515790839496234,tcp.srcport,raw_token,0.39434183766057207
0.7656007318993213,0.6725666240873622,0.8622875,0.851219714131759,0.9136720115009541,tcp.srcport,canonical_numeric,0.1768355807531868
0.00156149536144025,0.0238532729810857,0.72825,0.5003906788619754,0.5010683420381494,udp.port,raw_token,0.09333989263959024
0.00156149536144025,0.0238532729810857,0.72825,0.5003906788619754,0.5010683420381494,udp.port,canonical_numeric,0.09333989263959024
0.0010106578463800074,0.01918684518574305,0.728175,0.5002527922048077,0.6009827863223333,udp.stream,raw_token,0.05651284860468148
0.3348876318605718,0.3918496137229252,0.782475,0.60045703805371,0.6008398909567482,udp.stream,canonical_numeric,0.12446021144499596
0.00156149536144025,0.0238532729810857,0.72825,0.5003906788619754,0.5010683420381494,udp.time_delta,raw_token,0.09333989263959024
0.0005513945687634976,0.014169981420722677,0.7281125,0.5001378866571679,0.5008158927171937,udp.time_delta,canonical_numeric,0.0721769521425764
0.0005513945687634976,0.014169981420722677,0.7281125,0.5001378866571679,0.5097365136779395,dns.qry.name,raw_token,0.0721769521425764
0.03805401505929032,0.11914671638462443,0.7333125,0.5096980282208025,0.5102650993203007,dns.qry.name,canonical_numeric,0.08374714797442741
1.0,1.0,1.0,1.0,1.0,dns.qry.name.len,raw_token,0.10502409469508539
0.00027573529411764705,0.010019502073887,0.728075,0.5000689433285839,0.500618100029188,dns.qry.qu,raw_token,0.06468637132256369
0.0005513945687634976,0.014169981420722677,0.7281125,0.5001378866571679,0.5007558162308623,dns.qry.qu,canonical_numeric,0.0721769521425764
0.0,0.0,0.7280375,0.5,0.5,dns.qry.type,raw_token,0.05617451395971827
0.0,0.0,0.7280375,0.5,0.5,dns.qry.type,canonical_numeric,0.05617451395971827
0.0,0.0,0.7280375,0.5,0.500618100029188,dns.retransmission,raw_token,0.05617451395971827
0.0,0.0,0.7280375,0.5,0.500618100029188,dns.retransmission,canonical_numeric,0.05617451395971827
0.0,0.0,0.7280375,0.5,0.5000085847226277,dns.retransmit_request,raw_token,0.05617451395971827
0.0,0.0,0.7280375,0.5,0.5000085847226277,dns.retransmit_request,canonical_numeric,0.05617451395971827
0.0,0.0,0.7280375,0.5,0.5000085847226277,dns.retransmit_request_in,raw_token,0.05617451395971827
0.0,0.0,0.7280375,0.5,0.5000085847226277,dns.retransmit_request_in,canonical_numeric,0.05617451395971827
1.0,1.0,1.0,1.0,1.0,mqtt.conack.flags,raw_token,0.08901896272491934
0.0,0.0,0.7280375,0.5,0.5253335164740827,mqtt.conflag.cleansess,raw_token,0.05617451395971827
0.0,0.0,0.7280375,0.5,0.5253335164740827,mqtt.conflag.cleansess,canonical_numeric,0.05617451395971827
0.0,0.0,0.7280375,0.5,0.5253335164740827,mqtt.conflags,raw_token,0.05617451395971827
0.0,0.0,0.7280375,0.5,0.5253335164740827,mqtt.conflags,canonical_numeric,0.05617451395971827
0.0,0.0,0.7280375,0.5,0.6017718867503391,mqtt.hdrflags,raw_token,0.05617451395971827
0.0,0.0,0.7280375,0.5,0.6017718867503391,mqtt.hdrflags,canonical_numeric,0.05617451395971827
0.0,0.0,0.7280375,0.5,0.5767989286266161,mqtt.len,raw_token,0.05617451395971827
0.0,0.0,0.7280375,0.5,0.5767989286266161,mqtt.len,canonical_numeric,0.05617451395971827
0.0,0.0,0.7280375,0.5,0.5,mqtt.msg_decoded_as,raw_token,0.05617451395971827
0.0,0.0,0.7280375,0.5,0.5,mqtt.msg_decoded_as,canonical_numeric,0.05617451395971827
1.0,1.0,1.0,1.0,1.0,mqtt.msg,raw_token,0.08901896272491934
0.0,0.0,0.7280375,0.5,0.6017718867503391,mqtt.msgtype,raw_token,0.05617451395971827
0.0,0.0,0.7280375,0.5,0.6017718867503391,mqtt.msgtype,canonical_numeric,0.05617451395971827
0.0,0.0,0.7280375,0.5,0.5253335164740827,mqtt.proto_len,raw_token,0.05617451395971827
0.0,0.0,0.7280375,0.5,0.5253335164740827,mqtt.proto_len,canonical_numeric,0.05617451395971827
1.0,1.0,1.0,1.0,1.0,mqtt.protoname,raw_token,0.08901896272491934
1.0,1.0,1.0,1.0,1.0,mqtt.topic,raw_token,0.08901896272491934
0.0,0.0,0.7280375,0.5,0.5251188984083924,mqtt.topic_len,raw_token,0.05617451395971827
0.0,0.0,0.7280375,0.5,0.5251188984083924,mqtt.topic_len,canonical_numeric,0.05617451395971827
0.0,0.0,0.7280375,0.5,0.5253335164740827,mqtt.ver,raw_token,0.05617451395971827
0.0,0.0,0.7280375,0.5,0.5253335164740827,mqtt.ver,canonical_numeric,0.05617451395971827
0.0,0.0,0.7280375,0.5,0.5000171694452552,mbtcp.len,raw_token,0.05617451395971827
0.0,0.0,0.7280375,0.5,0.5000171694452552,mbtcp.len,canonical_numeric,0.05617451395971827
0.0,0.0,0.7280375,0.5,0.5000171694452552,mbtcp.trans_id,raw_token,0.05617451395971827
0.0,0.0,0.7280375,0.5,0.5000171694452552,mbtcp.trans_id,canonical_numeric,0.05617451395971827
0.0,0.0,0.7280375,0.5,0.5000171694452552,mbtcp.unit_id,raw_token,0.05617451395971827
0.0,0.0,0.7280375,0.5,0.5000171694452552,mbtcp.unit_id,canonical_numeric,0.05617451395971827
