Feature,view,Single-feature F1,MCC,BalAcc,AUROC,Macro-F1 (multiclass),Suspicion
IAT,canonical_numeric,0.9902672640197745,0.7065951691448668,0.7545454545454545,0.9743032839820086,0.11110410792688528,HIGH
Duration,raw_token,0.9812775824189901,0.291969162409811,0.5753549817317368,0.887436008316956,0.12060429435409226,low
rst_count,raw_token,0.9763193635386428,0.19770060063626124,0.5710641347731831,0.712053392038279,0.14331311147960923,low
Max,raw_token,0.978661761029671,0.18083258251768589,0.5498077780254067,0.822580755178259,0.296142994953394,low
Tot size,raw_token,0.9778418926716677,0.1501965418882821,0.5422812367040136,0.8113796527510451,0.2911481529336503,low
urg_count,raw_token,0.9780153572023741,0.14846281646904502,0.5407360320386841,0.8762666347562993,0.11459092645425847,low
Radius,raw_token,0.9804386938713011,0.12408430712997634,0.5153630690682173,0.7409439306143671,0.10215801360298703,low
Covariance,raw_token,0.9804527011508919,0.12256183174501971,0.514752719978929,0.7408862956790999,0.10292714833869304,low
Magnitue,raw_token,0.9803743922824658,0.1184912724893776,0.5148305542611314,0.74979693229937,0.20872707320026707,low
Std,raw_token,0.9803816487071028,0.11702612630349014,0.5143695423141601,0.7389101786474057,0.10110420750804935,low
AVG,raw_token,0.9803683878088773,0.11689350050771785,0.5145123791964665,0.7471897096663088,0.20593427538574002,low
Tot sum,raw_token,0.9742966620377513,0.08795896133813993,0.5297195264433954,0.6360358459792939,0.23678195794616302,low
Min,raw_token,0.9797314108902996,0.04486467443133004,0.5054471334697543,0.8539065845101333,0.24811464491575913,low
Weight,raw_token,0.9803784117920711,0.017668594367285167,0.5001623376623376,0.8799156148064105,0.010617731206449122,low
Number,raw_token,0.9803784117920711,0.017668594367285167,0.5001623376623376,0.8799156148064105,0.01061778039197705,low
Rate,raw_token,0.9803721641600815,0.0,0.5,0.5268655746229849,0.04215261260956105,low
Protocol Type,raw_token,0.9803721641600815,0.0,0.5,0.834753519848586,0.19928157515220676,low
Srate,raw_token,0.9803721641600815,0.0,0.5,0.5268655746229849,0.04215261260956105,low
flow_duration,raw_token,0.9803721641600815,0.0,0.5,0.6554797191887676,0.009568725332367996,low
Header_Length,canonical_numeric,0.9803721641600815,0.0,0.5,0.8729743817999474,0.07068425199557936,low
Telnet,raw_token,0.9803721641600815,0.0,0.5,0.5,0.0021807471182984507,low
cwr_flag_number,canonical_numeric,0.9803721641600815,0.0,0.5,0.5,0.0021807471182984507,low
ece_flag_number,canonical_numeric,0.9803721641600815,0.0,0.5,0.5,0.0021807471182984507,low
ack_flag_number,canonical_numeric,0.9803721641600815,0.0,0.5,0.7788818370916655,0.009385871384650652,low
psh_flag_number,canonical_numeric,0.9803721641600815,0.0,0.5,0.5173461548851565,0.026555128021962283,low
rst_flag_number,canonical_numeric,0.9803721641600815,0.0,0.5,0.5323127925117005,0.024673354535119138,low
syn_flag_number,canonical_numeric,0.9803721641600815,0.0,0.5,0.574804992199688,0.014879160279005318,low
fin_flag_number,canonical_numeric,0.9803721641600815,0.0,0.5,0.5200663026521061,0.03147554631249745,low
Drate,canonical_numeric,0.9803721641600815,0.0,0.5,0.5000195007800312,0.00223843951033767,low
syn_count,canonical_numeric,0.9803721641600815,0.0,0.5,0.710637941426748,0.05231657069411761,low
fin_count,canonical_numeric,0.9803721641600815,0.0,0.5,0.5881798807666592,0.06644291897196979,low
ack_count,raw_token,0.9803721641600815,0.0,0.5,0.6100198257930317,0.08068190449189148,low
HTTPS,raw_token,0.9803721641600815,0.0,0.5,0.7981430361110549,0.011733191077604862,low
HTTP,raw_token,0.9803721641600815,0.0,0.5,0.5263721457949228,0.01373591916051748,low
DNS,raw_token,0.9803721641600815,0.0,0.5,0.5005450088133395,0.0024809185880213993,low
ICMP,raw_token,0.9803721641600815,0.0,0.5,0.5389885595423817,0.022036556072664734,low
ARP,canonical_numeric,0.9803721641600815,0.0,0.5,0.5003120124804992,0.002525002127810782,low
DHCP,canonical_numeric,0.9803721641600815,0.0,0.5,0.5,0.0021807471182984507,low
UDP,canonical_numeric,0.9803721641600815,0.0,0.5,0.5490149151420602,0.013718767232477651,low
TCP,canonical_numeric,0.9803721641600815,0.0,0.5,0.6392288159058829,0.008617711137244627,low
IRC,canonical_numeric,0.9803721641600815,0.0,0.5,0.5,0.0021807471182984507,low
SSH,canonical_numeric,0.9803721641600815,0.0,0.5,0.5009555382215288,0.009756467887741775,low
SMTP,canonical_numeric,0.9803721641600815,0.0,0.5,0.5,0.0021807471182984507,low
IPv,raw_token,0.9803721641600815,0.0,0.5,0.5005590223608944,0.0028230068509559163,low
LLC,raw_token,0.9803721641600815,0.0,0.5,0.5005590223608944,0.0028230068509559163,low
Variance,canonical_numeric,0.9803721641600815,0.0,0.5,0.8577503613131539,0.038502750828334924,low
