dataset,rung,model,seed,n_features,n_train,n_val,n_test,MacroF1,MCC,BinaryMCC,Accuracy,ECE,seconds,run_id
ciciot2023,A_raw,rf,42,46,360000,40000,100000,0.8658526287549224,0.9301561968708256,0.7991460412345335,0.93266,0.05931089999999994,69.59219002723694,SAFE_FINAL_01
ciciot2023,A_raw,lgbm,42,46,360000,40000,100000,0.8542973952604695,0.9384959804295369,0.824030357537286,0.94071,0.004136947132082746,453.51161313056946,SAFE_FINAL_01
ciciot2023,A_raw,mlp_softmax_en,42,46,360000,40000,100000,0.6693852798364661,0.7625502673173002,0.6702790053454692,0.77017,0.01522280170828104,10.107854127883911,SAFE_FINAL_01
ciciot2023,A_raw,mlp_edl_both,42,46,360000,40000,100000,0.6706795749883283,0.7682935875650673,0.6630248225169233,0.77529,0.22045877996966243,14.830990314483643,SAFE_FINAL_01
ciciot2023,A_raw,rf,7,46,360000,40000,100000,0.8658724647906914,0.9298429569442923,0.8048959609156113,0.93236,0.05813160000000003,68.82722973823547,SAFE_FINAL_01
ciciot2023,A_raw,lgbm,7,46,360000,40000,100000,0.8627717470931358,0.9402555640124411,0.8320208510874814,0.94241,0.0033970154071509256,445.9942305088043,SAFE_FINAL_01
ciciot2023,A_raw,mlp_softmax_en,7,46,360000,40000,100000,0.6672164025657756,0.7632615388500208,0.6600689613102461,0.77074,0.019330475929751994,9.522929191589355,SAFE_FINAL_01
ciciot2023,A_raw,mlp_edl_both,7,46,360000,40000,100000,0.65628395066134,0.754991340730152,0.6483089549158956,0.76223,0.2258613363910094,14.659075260162354,SAFE_FINAL_01
ciciot2023,A_raw,rf,13,46,360000,40000,100000,0.8695912969504221,0.9318769933829602,0.8028102867755169,0.93432,0.060165900000000085,68.6933012008667,SAFE_FINAL_01
ciciot2023,A_raw,lgbm,13,46,360000,40000,100000,0.8585038577184194,0.9383008070050567,0.8266637656382801,0.94052,0.0039811159417393,450.8169448375702,SAFE_FINAL_01
ciciot2023,A_raw,mlp_softmax_en,13,46,360000,40000,100000,0.6635734897654326,0.7570651282107076,0.6560562088600485,0.76426,0.014193631513267774,9.958873748779297,SAFE_FINAL_01
ciciot2023,A_raw,mlp_edl_both,13,46,360000,40000,100000,0.6687353715371789,0.76605844674001,0.6584167343417313,0.77297,0.2206571391103789,14.243226289749146,SAFE_FINAL_01
ciciot2023,A_raw,rf,21,46,360000,40000,100000,0.8684855801181848,0.9308286081523973,0.8006695334061893,0.93331,0.060444400000000065,66.16088819503784,SAFE_FINAL_01
ciciot2023,A_raw,lgbm,21,46,360000,40000,100000,0.8608128724293245,0.9393253229366103,0.8299132458581698,0.94151,0.003050082149666535,419.41821336746216,SAFE_FINAL_01
ciciot2023,A_raw,mlp_softmax_en,21,46,360000,40000,100000,0.6737262386632763,0.7682407698362917,0.666464537975886,0.77529,0.02094069893561306,9.53380823135376,SAFE_FINAL_01
ciciot2023,A_raw,mlp_edl_both,21,46,360000,40000,100000,0.667631762229447,0.7674047306654856,0.65838107679977,0.77413,0.2168385705526173,13.632566928863525,SAFE_FINAL_01
ciciot2023,A_raw,rf,99,46,360000,40000,100000,0.8590951644409607,0.9290383569056363,0.7985377848985287,0.93158,0.06014570000000011,59.48125648498535,SAFE_FINAL_01
ciciot2023,A_raw,lgbm,99,46,360000,40000,100000,0.8636633811077674,0.9403084550848434,0.8341912099262239,0.94246,0.002712871885553937,395.95841574668884,SAFE_FINAL_01
ciciot2023,A_raw,mlp_softmax_en,99,46,360000,40000,100000,0.6655937272006304,0.7565788763903323,0.6628984148251934,0.7642,0.016191101083681,9.393034934997559,SAFE_FINAL_01
ciciot2023,A_raw,mlp_edl_both,99,46,360000,40000,100000,0.6689129831943992,0.7676909365997242,0.6620468058961453,0.7746,0.22718886460654442,13.0155770778656,SAFE_FINAL_01
ciciot2023,D_strict,rf,42,45,360000,40000,100000,0.865877858594292,0.9303424292614991,0.7968251815050248,0.93284,0.05875499999999989,59.76084065437317,SAFE_FINAL_01
ciciot2023,D_strict,lgbm,42,45,360000,40000,100000,0.8542973952604695,0.9384959804295369,0.824030357537286,0.94071,0.004136947132082746,395.28120589256287,SAFE_FINAL_01
ciciot2023,D_strict,mlp_softmax_en,42,45,360000,40000,100000,0.6779418397031919,0.7732389848827229,0.6742835342864265,0.78034,0.028794446491003045,9.42137598991394,SAFE_FINAL_01
ciciot2023,D_strict,mlp_edl_both,42,45,360000,40000,100000,0.6681410357696776,0.765584477651595,0.6654641642802948,0.77238,0.22400901371620596,12.837370872497559,SAFE_FINAL_01
ciciot2023,D_strict,rf,7,45,360000,40000,100000,0.8674414387209746,0.9304640652718654,0.8012782747340442,0.93296,0.058218400000000066,58.093502044677734,SAFE_FINAL_01
ciciot2023,D_strict,lgbm,7,45,360000,40000,100000,0.8627717470931358,0.9402555640124411,0.8320208510874814,0.94241,0.0033970154071509256,396.328485250473,SAFE_FINAL_01
ciciot2023,D_strict,mlp_softmax_en,7,45,360000,40000,100000,0.6755987974339732,0.7736988056284069,0.6642581444105962,0.78055,0.02322131017744541,9.258944749832153,SAFE_FINAL_01
ciciot2023,D_strict,mlp_edl_both,7,45,360000,40000,100000,0.664197301680266,0.7651641743635025,0.6601559944821812,0.77207,0.22071554842907934,12.769042015075684,SAFE_FINAL_01
ciciot2023,D_strict,rf,13,45,360000,40000,100000,0.8684952648604491,0.9313049585588582,0.8033990746695389,0.93377,0.05996479999999987,59.291342973709106,SAFE_FINAL_01
ciciot2023,D_strict,lgbm,13,45,360000,40000,100000,0.8585038577184194,0.9383008070050567,0.8266637656382801,0.94052,0.0039811159417393,404.20690417289734,SAFE_FINAL_01
ciciot2023,D_strict,mlp_softmax_en,13,45,360000,40000,100000,0.6549618770232054,0.7510819726483381,0.6588673167213395,0.75856,0.011141742044612744,7.513340473175049,SAFE_FINAL_01
ciciot2023,D_strict,mlp_edl_both,13,45,360000,40000,100000,0.6669501830898292,0.7634079089976387,0.6551134706172035,0.77054,0.2179342625115067,13.131860971450806,SAFE_FINAL_01
ciciot2023,D_strict,rf,21,45,360000,40000,100000,0.8660693313617631,0.9309740589856589,0.8009647319972681,0.93345,0.05933719999999991,59.53677773475647,SAFE_FINAL_01
ciciot2023,D_strict,lgbm,21,45,360000,40000,100000,0.8608128724293245,0.9393253229366103,0.8299132458581698,0.94151,0.003050082149666535,399.2554225921631,SAFE_FINAL_01
ciciot2023,D_strict,mlp_softmax_en,21,45,360000,40000,100000,0.6727912388957861,0.7677188409020423,0.6683518779638691,0.77474,0.02058459847748282,9.021410703659058,SAFE_FINAL_01
ciciot2023,D_strict,mlp_edl_both,21,45,360000,40000,100000,0.664533033653662,0.7616449271869455,0.6597964442294502,0.76861,0.21400016172230246,13.352705717086792,SAFE_FINAL_01
ciciot2023,D_strict,rf,99,45,360000,40000,100000,0.8646270490282784,0.9315966088020008,0.8035600464724904,0.93405,0.05944369999999998,58.63813829421997,SAFE_FINAL_01
ciciot2023,D_strict,lgbm,99,45,360000,40000,100000,0.8636633811077674,0.9403084550848434,0.8341912099262239,0.94246,0.002712871885553937,392.5922532081604,SAFE_FINAL_01
ciciot2023,D_strict,mlp_softmax_en,99,45,360000,40000,100000,0.674192043156661,0.7697289589475089,0.668539834440299,0.77642,0.021752975617200108,8.960487604141235,SAFE_FINAL_01
ciciot2023,D_strict,mlp_edl_both,99,45,360000,40000,100000,0.6672077516812244,0.7649829068622569,0.657810471795928,0.77195,0.2226813310931623,13.009373188018799,SAFE_FINAL_01
