dataset,family,seed,proximity_dist,nearest_known,run_id
edge_iiotset,Backdoor,42,0.07934585990748415,Ransomware,SAFE_FINAL_01
edge_iiotset,Backdoor,7,0.08045768839024287,Ransomware,SAFE_FINAL_01
edge_iiotset,Backdoor,13,0.07715868054951977,Ransomware,SAFE_FINAL_01
edge_iiotset,DDoS_HTTP,42,0.2618298373073143,XSS,SAFE_FINAL_01
edge_iiotset,DDoS_HTTP,7,0.2642711843752417,XSS,SAFE_FINAL_01
edge_iiotset,DDoS_HTTP,13,0.2566292559248053,XSS,SAFE_FINAL_01
edge_iiotset,DDoS_ICMP,42,1.6694783161322513,Fingerprinting,SAFE_FINAL_01
edge_iiotset,DDoS_ICMP,7,1.7079005374307201,Fingerprinting,SAFE_FINAL_01
edge_iiotset,DDoS_ICMP,13,1.6531083802493696,Fingerprinting,SAFE_FINAL_01
edge_iiotset,DDoS_TCP,42,0.3004395525886158,Port_Scanning,SAFE_FINAL_01
edge_iiotset,DDoS_TCP,7,0.30211634699314854,Port_Scanning,SAFE_FINAL_01
edge_iiotset,DDoS_TCP,13,0.2975865406162812,Port_Scanning,SAFE_FINAL_01
edge_iiotset,DDoS_UDP,42,1.7880713371296975,Fingerprinting,SAFE_FINAL_01
edge_iiotset,DDoS_UDP,7,1.7874668422998647,Fingerprinting,SAFE_FINAL_01
edge_iiotset,DDoS_UDP,13,1.7814477355012974,Fingerprinting,SAFE_FINAL_01
edge_iiotset,Password,42,0.17390773255685854,SQL_injection,SAFE_FINAL_01
edge_iiotset,Password,7,0.17718385819931692,Uploading,SAFE_FINAL_01
edge_iiotset,Password,13,0.1775356419701818,Uploading,SAFE_FINAL_01
edge_iiotset,Port_Scanning,42,0.2931086012369546,DDoS_TCP,SAFE_FINAL_01
edge_iiotset,Port_Scanning,7,0.29269458524673064,DDoS_TCP,SAFE_FINAL_01
edge_iiotset,Port_Scanning,13,0.29600125456058274,DDoS_TCP,SAFE_FINAL_01
edge_iiotset,Ransomware,42,0.07735129069953202,Backdoor,SAFE_FINAL_01
edge_iiotset,Ransomware,7,0.07991352957794744,Backdoor,SAFE_FINAL_01
edge_iiotset,Ransomware,13,0.07847763458168133,Backdoor,SAFE_FINAL_01
edge_iiotset,SQL_injection,42,0.17188371344352307,Password,SAFE_FINAL_01
edge_iiotset,SQL_injection,7,0.17178282119564617,Password,SAFE_FINAL_01
edge_iiotset,SQL_injection,13,0.17098540444137764,Password,SAFE_FINAL_01
edge_iiotset,Uploading,42,0.17650791080487832,Password,SAFE_FINAL_01
edge_iiotset,Uploading,7,0.17468328421303095,Password,SAFE_FINAL_01
edge_iiotset,Uploading,13,0.17485325749547243,Password,SAFE_FINAL_01
edge_iiotset,Vulnerability_scanner,42,1.5838390952656713,XSS,SAFE_FINAL_01
edge_iiotset,Vulnerability_scanner,7,1.5835427357874092,XSS,SAFE_FINAL_01
edge_iiotset,Vulnerability_scanner,13,1.5854904979433828,XSS,SAFE_FINAL_01
edge_iiotset,XSS,42,0.2545197186204122,DDoS_HTTP,SAFE_FINAL_01
edge_iiotset,XSS,7,0.2555082173189121,DDoS_HTTP,SAFE_FINAL_01
edge_iiotset,XSS,13,0.25502644916871564,DDoS_HTTP,SAFE_FINAL_01
