variant,seed,n_features,MacroF1,MCC,BinaryMCC
A_original,42,65,0.9957558090282366,0.9998556322171889,0.9998665728190651
A_original,7,65,0.9997063734994116,0.9998796960787426,0.9998332142459903
A_original,13,65,0.9994061456776855,0.999831570600794,0.9997664993043587
A_original,21,65,0.9995206320223974,0.9998556308115402,0.9997998644330086
A_original,99,65,0.9928433593806424,0.9998556331125064,0.9997998752001722
B_artifact_removed,42,65,0.9957558090282366,0.9998556322171889,0.9998665728190651
B_artifact_removed,7,65,0.9997063734994116,0.9998796960787426,0.9998332142459903
B_artifact_removed,13,65,0.9994061456776855,0.999831570600794,0.9997664993043587
B_artifact_removed,21,65,0.9995206320223974,0.9998556308115402,0.9997998644330086
B_artifact_removed,99,65,0.9928433593806424,0.9998556331125064,0.9997998752001722
C_artifact_neutralized,42,65,0.9957558090282366,0.9998556322171889,0.9998665728190651
C_artifact_neutralized,7,65,0.9997063734994116,0.9998796960787426,0.9998332142459903
C_artifact_neutralized,13,65,0.9994061456776855,0.999831570600794,0.9997664993043587
C_artifact_neutralized,21,65,0.9995206320223974,0.9998556308115402,0.9997998644330086
C_artifact_neutralized,99,65,0.9928433593806424,0.9998556331125064,0.9997998752001722
D_strict_clean,42,58,0.955094786221051,0.9920544568677522,0.9892598688664667
D_strict_clean,7,58,0.9396191226962568,0.9907997090139777,0.9873110259201364
D_strict_clean,13,58,0.9281693125662879,0.991301087707887,0.9881417377536376
D_strict_clean,21,58,0.9392434214430058,0.9940217604637226,0.9919023080585344
D_strict_clean,99,58,0.9519924929583471,0.9912705484085609,0.9881683463634238
