macro,value,source,run_id
FOneciciotTwoZeroTwoThreeArawrf,0.866,tables/T_ladder_closed_set.csv:MacroF1,SAFE_FINAL_01
FOneciciotTwoZeroTwoThreeArawlgbm,0.86,tables/T_ladder_closed_set.csv:MacroF1,SAFE_FINAL_01
FOneciciotTwoZeroTwoThreeArawmlpsoftmaxen,0.668,tables/T_ladder_closed_set.csv:MacroF1,SAFE_FINAL_01
FOneciciotTwoZeroTwoThreeArawmlpedlboth,0.666,tables/T_ladder_closed_set.csv:MacroF1,SAFE_FINAL_01
FOneciciotTwoZeroTwoThreeDstrictrf,0.867,tables/T_ladder_closed_set.csv:MacroF1,SAFE_FINAL_01
FOneciciotTwoZeroTwoThreeDstrictlgbm,0.86,tables/T_ladder_closed_set.csv:MacroF1,SAFE_FINAL_01
FOneciciotTwoZeroTwoThreeDstrictmlpsoftmaxen,0.671,tables/T_ladder_closed_set.csv:MacroF1,SAFE_FINAL_01
FOneciciotTwoZeroTwoThreeDstrictmlpedlboth,0.666,tables/T_ladder_closed_set.csv:MacroF1,SAFE_FINAL_01
FOneedgeiiotsetArawlgbm,1.0,tables/T_ladder_closed_set.csv:MacroF1,SAFE_FINAL_01
FOneedgeiiotsetArawrf,1.0,tables/T_ladder_closed_set.csv:MacroF1,SAFE_FINAL_01
FOneedgeiiotsetArawmlpsoftmaxen,0.962,tables/T_ladder_closed_set.csv:MacroF1,SAFE_FINAL_01
FOneedgeiiotsetArawmlpedlboth,0.958,tables/T_ladder_closed_set.csv:MacroF1,SAFE_FINAL_01
FOneedgeiiotsetDstrictlgbm,0.937,tables/T_ladder_closed_set.csv:MacroF1,SAFE_FINAL_01
FOneedgeiiotsetDstrictrf,0.903,tables/T_ladder_closed_set.csv:MacroF1,SAFE_FINAL_01
FOneedgeiiotsetDstrictmlpsoftmaxen,0.875,tables/T_ladder_closed_set.csv:MacroF1,SAFE_FINAL_01
FOneedgeiiotsetDstrictmlpedlboth,0.869,tables/T_ladder_closed_set.csv:MacroF1,SAFE_FINAL_01
FOneedgeiiotsetEThreenoportrf,0.844,tables/T_ladder_closed_set.csv:MacroF1,SAFE_FINAL_01
FOneedgeiiotsetEThreenoportlgbm,0.835,tables/T_ladder_closed_set.csv:MacroF1,SAFE_FINAL_01
FOneedgeiiotsetEThreenoportmlpsoftmaxen,0.824,tables/T_ladder_closed_set.csv:MacroF1,SAFE_FINAL_01
FOneedgeiiotsetEThreenoportmlpedlboth,0.811,tables/T_ladder_closed_set.csv:MacroF1,SAFE_FINAL_01
FOnexiiotidArawrf,0.998,tables/T_ladder_closed_set.csv:MacroF1,SAFE_FINAL_01
FOnexiiotidArawlgbm,0.997,tables/T_ladder_closed_set.csv:MacroF1,SAFE_FINAL_01
FOnexiiotidArawmlpsoftmaxen,0.962,tables/T_ladder_closed_set.csv:MacroF1,SAFE_FINAL_01
FOnexiiotidArawmlpedlboth,0.926,tables/T_ladder_closed_set.csv:MacroF1,SAFE_FINAL_01
FOnexiiotidDstrictlgbm,0.973,tables/T_ladder_closed_set.csv:MacroF1,SAFE_FINAL_01
FOnexiiotidDstrictrf,0.943,tables/T_ladder_closed_set.csv:MacroF1,SAFE_FINAL_01
FOnexiiotidDstrictmlpsoftmaxen,0.857,tables/T_ladder_closed_set.csv:MacroF1,SAFE_FINAL_01
FOnexiiotidDstrictmlpedlboth,0.827,tables/T_ladder_closed_set.csv:MacroF1,SAFE_FINAL_01
FOnexiiotidEThreenoportlgbm,0.971,tables/T_ladder_closed_set.csv:MacroF1,SAFE_FINAL_01
FOnexiiotidEThreenoportrf,0.937,tables/T_ladder_closed_set.csv:MacroF1,SAFE_FINAL_01
FOnexiiotidEThreenoportmlpsoftmaxen,0.848,tables/T_ladder_closed_set.csv:MacroF1,SAFE_FINAL_01
FOnexiiotidEThreenoportmlpedlboth,0.822,tables/T_ladder_closed_set.csv:MacroF1,SAFE_FINAL_01
FOnexiiotidEFournetworkrf,0.892,tables/T_ladder_closed_set.csv:MacroF1,SAFE_FINAL_01
FOnexiiotidEFournetworklgbm,0.871,tables/T_ladder_closed_set.csv:MacroF1,SAFE_FINAL_01
FOnexiiotidEFournetworkmlpsoftmaxen,0.747,tables/T_ladder_closed_set.csv:MacroF1,SAFE_FINAL_01
FOnexiiotidEFournetworkmlpedlboth,0.728,tables/T_ladder_closed_set.csv:MacroF1,SAFE_FINAL_01
AUROCciciotTwoZeroTwoThreeattacksonlyedlvacuity,0.608,tables/T_loao_method_summary.csv:AUROC,SAFE_FINAL_01
AUROCciciotTwoZeroTwoThreeattacksonlyfusionrank,0.814,tables/T_loao_method_summary.csv:AUROC,SAFE_FINAL_01
AUROCciciotTwoZeroTwoThreeattacksonlyfusionz,0.823,tables/T_loao_method_summary.csv:AUROC,SAFE_FINAL_01
AUROCciciotTwoZeroTwoThreeattacksonlymlpenergy,0.725,tables/T_loao_method_summary.csv:AUROC,SAFE_FINAL_01
AUROCciciotTwoZeroTwoThreeattacksonlymlpentropy,0.654,tables/T_loao_method_summary.csv:AUROC,SAFE_FINAL_01
AUROCciciotTwoZeroTwoThreeattacksonlymlpmahalanobis,0.736,tables/T_loao_method_summary.csv:AUROC,SAFE_FINAL_01
AUROCciciotTwoZeroTwoThreeattacksonlymlpmaxprob,0.628,tables/T_loao_method_summary.csv:AUROC,SAFE_FINAL_01
AUROCciciotTwoZeroTwoThreeattacksonlyrfmaxprob,0.861,tables/T_loao_method_summary.csv:AUROC,SAFE_FINAL_01
AUROCciciotTwoZeroTwoThreewithnormaledlvacuity,0.599,tables/T_loao_method_summary.csv:AUROC,SAFE_FINAL_01
AUROCciciotTwoZeroTwoThreewithnormalfusionrank,0.807,tables/T_loao_method_summary.csv:AUROC,SAFE_FINAL_01
AUROCciciotTwoZeroTwoThreewithnormalfusionz,0.816,tables/T_loao_method_summary.csv:AUROC,SAFE_FINAL_01
AUROCciciotTwoZeroTwoThreewithnormalmlpenergy,0.717,tables/T_loao_method_summary.csv:AUROC,SAFE_FINAL_01
AUROCciciotTwoZeroTwoThreewithnormalmlpentropy,0.644,tables/T_loao_method_summary.csv:AUROC,SAFE_FINAL_01
AUROCciciotTwoZeroTwoThreewithnormalmlpmahalanobis,0.732,tables/T_loao_method_summary.csv:AUROC,SAFE_FINAL_01
AUROCciciotTwoZeroTwoThreewithnormalmlpmaxprob,0.62,tables/T_loao_method_summary.csv:AUROC,SAFE_FINAL_01
AUROCciciotTwoZeroTwoThreewithnormalrfmaxprob,0.852,tables/T_loao_method_summary.csv:AUROC,SAFE_FINAL_01
AUROCedgeiiotsetattacksonlyedlvacuity,0.593,tables/T_loao_method_summary.csv:AUROC,SAFE_FINAL_01
AUROCedgeiiotsetattacksonlyfusionrank,0.899,tables/T_loao_method_summary.csv:AUROC,SAFE_FINAL_01
AUROCedgeiiotsetattacksonlyfusionz,0.919,tables/T_loao_method_summary.csv:AUROC,SAFE_FINAL_01
AUROCedgeiiotsetattacksonlymlpenergy,0.612,tables/T_loao_method_summary.csv:AUROC,SAFE_FINAL_01
AUROCedgeiiotsetattacksonlymlpentropy,0.648,tables/T_loao_method_summary.csv:AUROC,SAFE_FINAL_01
AUROCedgeiiotsetattacksonlymlpmahalanobis,0.879,tables/T_loao_method_summary.csv:AUROC,SAFE_FINAL_01
AUROCedgeiiotsetattacksonlymlpmaxprob,0.646,tables/T_loao_method_summary.csv:AUROC,SAFE_FINAL_01
AUROCedgeiiotsetattacksonlyrfmaxprob,0.861,tables/T_loao_method_summary.csv:AUROC,SAFE_FINAL_01
AUROCedgeiiotsetwithnormaledlvacuity,0.787,tables/T_loao_method_summary.csv:AUROC,SAFE_FINAL_01
AUROCedgeiiotsetwithnormalfusionrank,0.965,tables/T_loao_method_summary.csv:AUROC,SAFE_FINAL_01
AUROCedgeiiotsetwithnormalfusionz,0.97,tables/T_loao_method_summary.csv:AUROC,SAFE_FINAL_01
AUROCedgeiiotsetwithnormalmlpenergy,0.657,tables/T_loao_method_summary.csv:AUROC,SAFE_FINAL_01
AUROCedgeiiotsetwithnormalmlpentropy,0.732,tables/T_loao_method_summary.csv:AUROC,SAFE_FINAL_01
AUROCedgeiiotsetwithnormalmlpmahalanobis,0.959,tables/T_loao_method_summary.csv:AUROC,SAFE_FINAL_01
AUROCedgeiiotsetwithnormalmlpmaxprob,0.735,tables/T_loao_method_summary.csv:AUROC,SAFE_FINAL_01
AUROCedgeiiotsetwithnormalrfmaxprob,0.891,tables/T_loao_method_summary.csv:AUROC,SAFE_FINAL_01
AUROCxiiotidattacksonlyedlvacuity,0.724,tables/T_loao_method_summary.csv:AUROC,SAFE_FINAL_01
AUROCxiiotidattacksonlyfusionrank,0.927,tables/T_loao_method_summary.csv:AUROC,SAFE_FINAL_01
AUROCxiiotidattacksonlyfusionz,0.913,tables/T_loao_method_summary.csv:AUROC,SAFE_FINAL_01
AUROCxiiotidattacksonlymlpenergy,0.786,tables/T_loao_method_summary.csv:AUROC,SAFE_FINAL_01
AUROCxiiotidattacksonlymlpentropy,0.766,tables/T_loao_method_summary.csv:AUROC,SAFE_FINAL_01
AUROCxiiotidattacksonlymlpmahalanobis,0.921,tables/T_loao_method_summary.csv:AUROC,SAFE_FINAL_01
AUROCxiiotidattacksonlymlpmaxprob,0.755,tables/T_loao_method_summary.csv:AUROC,SAFE_FINAL_01
AUROCxiiotidattacksonlyrfmaxprob,0.819,tables/T_loao_method_summary.csv:AUROC,SAFE_FINAL_01
AUROCxiiotidwithnormaledlvacuity,0.707,tables/T_loao_method_summary.csv:AUROC,SAFE_FINAL_01
AUROCxiiotidwithnormalfusionrank,0.907,tables/T_loao_method_summary.csv:AUROC,SAFE_FINAL_01
AUROCxiiotidwithnormalfusionz,0.907,tables/T_loao_method_summary.csv:AUROC,SAFE_FINAL_01
AUROCxiiotidwithnormalmlpenergy,0.692,tables/T_loao_method_summary.csv:AUROC,SAFE_FINAL_01
AUROCxiiotidwithnormalmlpentropy,0.7,tables/T_loao_method_summary.csv:AUROC,SAFE_FINAL_01
AUROCxiiotidwithnormalmlpmahalanobis,0.896,tables/T_loao_method_summary.csv:AUROC,SAFE_FINAL_01
AUROCxiiotidwithnormalmlpmaxprob,0.686,tables/T_loao_method_summary.csv:AUROC,SAFE_FINAL_01
AUROCxiiotidwithnormalrfmaxprob,0.839,tables/T_loao_method_summary.csv:AUROC,SAFE_FINAL_01
nearmedciciotTwoZeroTwoThreeattacksonlyedlvacuity,0.662,tables/T_loao_near_vs_far.csv:median_near,SAFE_FINAL_01
farmedciciotTwoZeroTwoThreeattacksonlyedlvacuity,0.923,tables/T_loao_near_vs_far.csv:median_far,SAFE_FINAL_01
nearmedciciotTwoZeroTwoThreeattacksonlyfusionrank,0.881,tables/T_loao_near_vs_far.csv:median_near,SAFE_FINAL_01
farmedciciotTwoZeroTwoThreeattacksonlyfusionrank,0.861,tables/T_loao_near_vs_far.csv:median_far,SAFE_FINAL_01
nearmedciciotTwoZeroTwoThreeattacksonlyfusionz,0.832,tables/T_loao_near_vs_far.csv:median_near,SAFE_FINAL_01
farmedciciotTwoZeroTwoThreeattacksonlyfusionz,0.808,tables/T_loao_near_vs_far.csv:median_far,SAFE_FINAL_01
nearmedciciotTwoZeroTwoThreeattacksonlymlpenergy,0.842,tables/T_loao_near_vs_far.csv:median_near,SAFE_FINAL_01
farmedciciotTwoZeroTwoThreeattacksonlymlpenergy,0.936,tables/T_loao_near_vs_far.csv:median_far,SAFE_FINAL_01
nearmedciciotTwoZeroTwoThreeattacksonlymlpentropy,0.747,tables/T_loao_near_vs_far.csv:median_near,SAFE_FINAL_01
farmedciciotTwoZeroTwoThreeattacksonlymlpentropy,0.937,tables/T_loao_near_vs_far.csv:median_far,SAFE_FINAL_01
nearmedciciotTwoZeroTwoThreeattacksonlymlpmahalanobis,0.768,tables/T_loao_near_vs_far.csv:median_near,SAFE_FINAL_01
farmedciciotTwoZeroTwoThreeattacksonlymlpmahalanobis,0.697,tables/T_loao_near_vs_far.csv:median_far,SAFE_FINAL_01
nearmedciciotTwoZeroTwoThreeattacksonlymlpmaxprob,0.668,tables/T_loao_near_vs_far.csv:median_near,SAFE_FINAL_01
farmedciciotTwoZeroTwoThreeattacksonlymlpmaxprob,0.916,tables/T_loao_near_vs_far.csv:median_far,SAFE_FINAL_01
nearmedciciotTwoZeroTwoThreeattacksonlyrfmaxprob,0.892,tables/T_loao_near_vs_far.csv:median_near,SAFE_FINAL_01
farmedciciotTwoZeroTwoThreeattacksonlyrfmaxprob,0.949,tables/T_loao_near_vs_far.csv:median_far,SAFE_FINAL_01
nearmedciciotTwoZeroTwoThreewithnormaledlvacuity,0.647,tables/T_loao_near_vs_far.csv:median_near,SAFE_FINAL_01
farmedciciotTwoZeroTwoThreewithnormaledlvacuity,0.919,tables/T_loao_near_vs_far.csv:median_far,SAFE_FINAL_01
nearmedciciotTwoZeroTwoThreewithnormalfusionrank,0.876,tables/T_loao_near_vs_far.csv:median_near,SAFE_FINAL_01
farmedciciotTwoZeroTwoThreewithnormalfusionrank,0.856,tables/T_loao_near_vs_far.csv:median_far,SAFE_FINAL_01
nearmedciciotTwoZeroTwoThreewithnormalfusionz,0.823,tables/T_loao_near_vs_far.csv:median_near,SAFE_FINAL_01
farmedciciotTwoZeroTwoThreewithnormalfusionz,0.8,tables/T_loao_near_vs_far.csv:median_far,SAFE_FINAL_01
nearmedciciotTwoZeroTwoThreewithnormalmlpenergy,0.828,tables/T_loao_near_vs_far.csv:median_near,SAFE_FINAL_01
farmedciciotTwoZeroTwoThreewithnormalmlpenergy,0.934,tables/T_loao_near_vs_far.csv:median_far,SAFE_FINAL_01
nearmedciciotTwoZeroTwoThreewithnormalmlpentropy,0.738,tables/T_loao_near_vs_far.csv:median_near,SAFE_FINAL_01
farmedciciotTwoZeroTwoThreewithnormalmlpentropy,0.934,tables/T_loao_near_vs_far.csv:median_far,SAFE_FINAL_01
nearmedciciotTwoZeroTwoThreewithnormalmlpmahalanobis,0.763,tables/T_loao_near_vs_far.csv:median_near,SAFE_FINAL_01
farmedciciotTwoZeroTwoThreewithnormalmlpmahalanobis,0.691,tables/T_loao_near_vs_far.csv:median_far,SAFE_FINAL_01
nearmedciciotTwoZeroTwoThreewithnormalmlpmaxprob,0.659,tables/T_loao_near_vs_far.csv:median_near,SAFE_FINAL_01
farmedciciotTwoZeroTwoThreewithnormalmlpmaxprob,0.913,tables/T_loao_near_vs_far.csv:median_far,SAFE_FINAL_01
nearmedciciotTwoZeroTwoThreewithnormalrfmaxprob,0.885,tables/T_loao_near_vs_far.csv:median_near,SAFE_FINAL_01
farmedciciotTwoZeroTwoThreewithnormalrfmaxprob,0.946,tables/T_loao_near_vs_far.csv:median_far,SAFE_FINAL_01
nearmededgeiiotsetattacksonlyedlvacuity,0.654,tables/T_loao_near_vs_far.csv:median_near,SAFE_FINAL_01
farmededgeiiotsetattacksonlyedlvacuity,0.733,tables/T_loao_near_vs_far.csv:median_far,SAFE_FINAL_01
nearmededgeiiotsetattacksonlyfusionrank,0.997,tables/T_loao_near_vs_far.csv:median_near,SAFE_FINAL_01
farmededgeiiotsetattacksonlyfusionrank,0.769,tables/T_loao_near_vs_far.csv:median_far,SAFE_FINAL_01
nearmededgeiiotsetattacksonlyfusionz,0.992,tables/T_loao_near_vs_far.csv:median_near,SAFE_FINAL_01
farmededgeiiotsetattacksonlyfusionz,0.846,tables/T_loao_near_vs_far.csv:median_far,SAFE_FINAL_01
nearmededgeiiotsetattacksonlymlpenergy,0.648,tables/T_loao_near_vs_far.csv:median_near,SAFE_FINAL_01
farmededgeiiotsetattacksonlymlpenergy,0.834,tables/T_loao_near_vs_far.csv:median_far,SAFE_FINAL_01
nearmededgeiiotsetattacksonlymlpentropy,0.673,tables/T_loao_near_vs_far.csv:median_near,SAFE_FINAL_01
farmededgeiiotsetattacksonlymlpentropy,0.809,tables/T_loao_near_vs_far.csv:median_far,SAFE_FINAL_01
nearmededgeiiotsetattacksonlymlpmahalanobis,0.963,tables/T_loao_near_vs_far.csv:median_near,SAFE_FINAL_01
farmededgeiiotsetattacksonlymlpmahalanobis,0.711,tables/T_loao_near_vs_far.csv:median_far,SAFE_FINAL_01
nearmededgeiiotsetattacksonlymlpmaxprob,0.673,tables/T_loao_near_vs_far.csv:median_near,SAFE_FINAL_01
farmededgeiiotsetattacksonlymlpmaxprob,0.804,tables/T_loao_near_vs_far.csv:median_far,SAFE_FINAL_01
nearmededgeiiotsetattacksonlyrfmaxprob,0.934,tables/T_loao_near_vs_far.csv:median_near,SAFE_FINAL_01
farmededgeiiotsetattacksonlyrfmaxprob,0.795,tables/T_loao_near_vs_far.csv:median_far,SAFE_FINAL_01
nearmededgeiiotsetwithnormaledlvacuity,0.854,tables/T_loao_near_vs_far.csv:median_near,SAFE_FINAL_01
farmededgeiiotsetwithnormaledlvacuity,0.883,tables/T_loao_near_vs_far.csv:median_far,SAFE_FINAL_01
nearmededgeiiotsetwithnormalfusionrank,0.999,tables/T_loao_near_vs_far.csv:median_near,SAFE_FINAL_01
farmededgeiiotsetwithnormalfusionrank,0.915,tables/T_loao_near_vs_far.csv:median_far,SAFE_FINAL_01
nearmededgeiiotsetwithnormalfusionz,0.998,tables/T_loao_near_vs_far.csv:median_near,SAFE_FINAL_01
farmededgeiiotsetwithnormalfusionz,0.939,tables/T_loao_near_vs_far.csv:median_far,SAFE_FINAL_01
nearmededgeiiotsetwithnormalmlpenergy,0.672,tables/T_loao_near_vs_far.csv:median_near,SAFE_FINAL_01
farmededgeiiotsetwithnormalmlpenergy,0.901,tables/T_loao_near_vs_far.csv:median_far,SAFE_FINAL_01
nearmededgeiiotsetwithnormalmlpentropy,0.765,tables/T_loao_near_vs_far.csv:median_near,SAFE_FINAL_01
farmededgeiiotsetwithnormalmlpentropy,0.881,tables/T_loao_near_vs_far.csv:median_far,SAFE_FINAL_01
nearmededgeiiotsetwithnormalmlpmahalanobis,0.99,tables/T_loao_near_vs_far.csv:median_near,SAFE_FINAL_01
farmededgeiiotsetwithnormalmlpmahalanobis,0.898,tables/T_loao_near_vs_far.csv:median_far,SAFE_FINAL_01
nearmededgeiiotsetwithnormalmlpmaxprob,0.765,tables/T_loao_near_vs_far.csv:median_near,SAFE_FINAL_01
farmededgeiiotsetwithnormalmlpmaxprob,0.88,tables/T_loao_near_vs_far.csv:median_far,SAFE_FINAL_01
nearmededgeiiotsetwithnormalrfmaxprob,0.97,tables/T_loao_near_vs_far.csv:median_near,SAFE_FINAL_01
farmededgeiiotsetwithnormalrfmaxprob,0.832,tables/T_loao_near_vs_far.csv:median_far,SAFE_FINAL_01
nearmedxiiotidattacksonlyedlvacuity,0.769,tables/T_loao_near_vs_far.csv:median_near,SAFE_FINAL_01
farmedxiiotidattacksonlyedlvacuity,0.772,tables/T_loao_near_vs_far.csv:median_far,SAFE_FINAL_01
nearmedxiiotidattacksonlyfusionrank,0.926,tables/T_loao_near_vs_far.csv:median_near,SAFE_FINAL_01
farmedxiiotidattacksonlyfusionrank,0.996,tables/T_loao_near_vs_far.csv:median_far,SAFE_FINAL_01
nearmedxiiotidattacksonlyfusionz,0.916,tables/T_loao_near_vs_far.csv:median_near,SAFE_FINAL_01
farmedxiiotidattacksonlyfusionz,0.996,tables/T_loao_near_vs_far.csv:median_far,SAFE_FINAL_01
nearmedxiiotidattacksonlymlpenergy,0.869,tables/T_loao_near_vs_far.csv:median_near,SAFE_FINAL_01
farmedxiiotidattacksonlymlpenergy,0.953,tables/T_loao_near_vs_far.csv:median_far,SAFE_FINAL_01
nearmedxiiotidattacksonlymlpentropy,0.81,tables/T_loao_near_vs_far.csv:median_near,SAFE_FINAL_01
farmedxiiotidattacksonlymlpentropy,0.816,tables/T_loao_near_vs_far.csv:median_far,SAFE_FINAL_01
nearmedxiiotidattacksonlymlpmahalanobis,0.912,tables/T_loao_near_vs_far.csv:median_near,SAFE_FINAL_01
farmedxiiotidattacksonlymlpmahalanobis,0.986,tables/T_loao_near_vs_far.csv:median_far,SAFE_FINAL_01
nearmedxiiotidattacksonlymlpmaxprob,0.803,tables/T_loao_near_vs_far.csv:median_near,SAFE_FINAL_01
farmedxiiotidattacksonlymlpmaxprob,0.799,tables/T_loao_near_vs_far.csv:median_far,SAFE_FINAL_01
nearmedxiiotidattacksonlyrfmaxprob,0.804,tables/T_loao_near_vs_far.csv:median_near,SAFE_FINAL_01
farmedxiiotidattacksonlyrfmaxprob,0.911,tables/T_loao_near_vs_far.csv:median_far,SAFE_FINAL_01
nearmedxiiotidwithnormaledlvacuity,0.768,tables/T_loao_near_vs_far.csv:median_near,SAFE_FINAL_01
farmedxiiotidwithnormaledlvacuity,0.772,tables/T_loao_near_vs_far.csv:median_far,SAFE_FINAL_01
nearmedxiiotidwithnormalfusionrank,0.899,tables/T_loao_near_vs_far.csv:median_near,SAFE_FINAL_01
farmedxiiotidwithnormalfusionrank,0.996,tables/T_loao_near_vs_far.csv:median_far,SAFE_FINAL_01
nearmedxiiotidwithnormalfusionz,0.919,tables/T_loao_near_vs_far.csv:median_near,SAFE_FINAL_01
farmedxiiotidwithnormalfusionz,0.996,tables/T_loao_near_vs_far.csv:median_far,SAFE_FINAL_01
nearmedxiiotidwithnormalmlpenergy,0.725,tables/T_loao_near_vs_far.csv:median_near,SAFE_FINAL_01
farmedxiiotidwithnormalmlpenergy,0.891,tables/T_loao_near_vs_far.csv:median_far,SAFE_FINAL_01
nearmedxiiotidwithnormalmlpentropy,0.739,tables/T_loao_near_vs_far.csv:median_near,SAFE_FINAL_01
farmedxiiotidwithnormalmlpentropy,0.776,tables/T_loao_near_vs_far.csv:median_far,SAFE_FINAL_01
nearmedxiiotidwithnormalmlpmahalanobis,0.876,tables/T_loao_near_vs_far.csv:median_near,SAFE_FINAL_01
farmedxiiotidwithnormalmlpmahalanobis,0.979,tables/T_loao_near_vs_far.csv:median_far,SAFE_FINAL_01
nearmedxiiotidwithnormalmlpmaxprob,0.725,tables/T_loao_near_vs_far.csv:median_near,SAFE_FINAL_01
farmedxiiotidwithnormalmlpmaxprob,0.754,tables/T_loao_near_vs_far.csv:median_far,SAFE_FINAL_01
nearmedxiiotidwithnormalrfmaxprob,0.82,tables/T_loao_near_vs_far.csv:median_near,SAFE_FINAL_01
farmedxiiotidwithnormalrfmaxprob,0.944,tables/T_loao_near_vs_far.csv:median_far,SAFE_FINAL_01
