n_near,n_far,median_near,median_far,cliffs_delta_far_minus_near,MannWhitney_p,boot95_low_far_minus_near,boot95_high_far_minus_near,dataset,condition,method,spearman_proximity_vs_AUROC,spearman_p
31,2,0.6618847773797119,0.9229637723102193,0.7419354838709677,0.0946969696969697,0.14437041486871605,0.4815191446168339,ciciot2023,attacks_only,edl:vacuity,0.07620320855614975,0.6733981635635298
31,2,0.8808417785994699,0.8613022409315878,-0.12903225806451613,0.7954545454545452,-0.08216482792388458,0.08535512795627165,ciciot2023,attacks_only,fusion_rank,0.8810160427807487,1.3403165416207115e-11
31,2,0.8319074334561739,0.8084300239881808,-0.22580645161290322,0.640151515151515,-0.12262426418156502,0.04632849264199035,ciciot2023,attacks_only,fusion_z,0.9007352941176471,9.305811431832855e-13
31,2,0.8421051281034946,0.9359655473866773,0.6451612903225806,0.1590909090909091,0.027279298494587656,0.2901271817495398,ciciot2023,attacks_only,mlp:energy,0.34792780748663105,0.04724382628445666
31,2,0.747405092173051,0.9373499218311702,0.8709677419354839,0.03409090909090909,0.13440772632236508,0.3862451097853249,ciciot2023,attacks_only,mlp:entropy,0.08455882352941177,0.6398825011079129
31,2,0.7684187549911604,0.6965604460774588,-0.22580645161290322,0.640151515151515,-0.194330403728331,0.0651692395725193,ciciot2023,attacks_only,mlp:mahalanobis,0.8760026737967915,2.4510616030812524e-11
31,2,0.6680714085500149,0.9164957732093955,0.9032258064516129,0.022727272727272728,0.16020629336393655,0.37745675615620955,ciciot2023,attacks_only,mlp:maxprob,0.02840909090909091,0.8752947941525229
31,2,0.8924019340362003,0.9493139866156348,0.7096774193548387,0.11363636363636363,0.02645024108984384,0.09846067052690999,ciciot2023,attacks_only,rf:maxprob,0.5618315508021391,0.0006680995595065247
31,2,0.6468573639529451,0.9192635153754228,0.7419354838709677,0.0946969696969697,0.14969196855146938,0.493538343919378,ciciot2023,with_normal,edl:vacuity,0.08489304812834225,0.6385557495125169
31,2,0.8764752432071555,0.8557026585453644,-0.12903225806451613,0.7954545454545452,-0.0863034005481782,0.08977095129177892,ciciot2023,with_normal,fusion_rank,0.8853609625668449,7.768651359632343e-12
31,2,0.8231045664479714,0.8000707250121761,-0.22580645161290322,0.640151515151515,-0.1304316998743572,0.05029720018840089,ciciot2023,with_normal,fusion_z,0.8993983957219251,1.1341537563186498e-12
31,2,0.8278176855286206,0.9335849903627802,0.6129032258064516,0.1856060606060606,0.031174640461475445,0.3040708340058903,ciciot2023,with_normal,mlp:energy,0.3482620320855615,0.04701747765093277
31,2,0.7378502270320851,0.9342105821680564,0.8709677419354839,0.03409090909090909,0.14092496163031082,0.39956527233551464,ciciot2023,with_normal,mlp:entropy,0.09090909090909091,0.6148655064072002
31,2,0.7632139887244076,0.690518298936454,-0.22580645161290322,0.640151515151515,-0.20106132933020437,0.06823360185601135,ciciot2023,with_normal,mlp:mahalanobis,0.8783422459893048,1.8554491864783772e-11
31,2,0.6586718256457523,0.9133199739685987,0.9032258064516129,0.022727272727272728,0.1624649555606993,0.3888771383421923,ciciot2023,with_normal,mlp:maxprob,0.024398395721925134,0.8927907948752833
31,2,0.8847592823494383,0.9460219462810378,0.7096774193548387,0.11363636363636363,0.030401373363101114,0.1072732782172634,ciciot2023,with_normal,rf:maxprob,0.5681818181818181,0.0005619896755660822
9,3,0.6541513941321329,0.7326291797627738,0.6296296296296297,0.14545454545454545,-0.04081472103315542,0.46148185931067576,edge_iiotset,attacks_only,edl:vacuity,-0.7692307692307694,0.0034464502618274493
9,3,0.9969071944071234,0.7690485251335049,-0.8518518518518519,0.03636363636363636,-0.3690235028640587,-0.058086094348892114,edge_iiotset,attacks_only,fusion_rank,0.7832167832167832,0.0025862148333625915
9,3,0.99225391684889,0.8459808959533355,-0.7777777777777778,0.06363636363636363,-0.27324970602514886,-0.03377601348449988,edge_iiotset,attacks_only,fusion_z,0.8391608391608393,0.0006428259886278202
9,3,0.6484755991459822,0.8342245112720245,0.9259259259259259,0.01818181818181818,0.05995249719960538,0.3490943356129593,edge_iiotset,attacks_only,mlp:energy,-0.8601398601398602,0.0003316683391269209
9,3,0.6729524705926648,0.8089581238817539,1.0,0.00909090909090909,0.03274277750988219,0.4556279670579068,edge_iiotset,attacks_only,mlp:entropy,-0.6993006993006995,0.011374198642690932
9,3,0.9630828823490346,0.7113108774824587,-0.8518518518518519,0.03636363636363636,-0.40256274210810183,-0.05017141703870598,edge_iiotset,attacks_only,mlp:mahalanobis,0.8811188811188813,0.00015267406467669873
9,3,0.6731065685091723,0.8043166846326878,1.0,0.00909090909090909,0.030701412527641803,0.4538908033487778,edge_iiotset,attacks_only,mlp:maxprob,-0.7902097902097903,0.0022231354099909208
9,3,0.9344746077464174,0.7953022041285317,-0.6296296296296297,0.14545454545454545,-0.29272366406556316,-0.004343520424849978,edge_iiotset,attacks_only,rf:maxprob,0.5034965034965035,0.09515736659412469
9,3,0.8536509765346197,0.8827493526766134,0.5555555555555556,0.20909090909090908,-0.0011172723205099544,0.13250487894374519,edge_iiotset,with_normal,edl:vacuity,-0.7202797202797203,0.008239768712338441
9,3,0.999195818625691,0.9152963896490306,-0.8518518518518519,0.03636363636363636,-0.13725588880362105,-0.017973108474667043,edge_iiotset,with_normal,fusion_rank,0.7832167832167832,0.0025862148333625915
9,3,0.997921562002518,0.9387104444785734,-0.7777777777777778,0.06363636363636363,-0.1071905594928596,-0.012302813697960602,edge_iiotset,with_normal,fusion_z,0.8391608391608393,0.0006428259886278202
9,3,0.6720380272681528,0.9012456680680341,0.8518518518518519,0.03636363636363636,0.028014781194200977,0.43021136794912684,edge_iiotset,with_normal,mlp:energy,-0.8321678321678322,0.0007854416778536137
9,3,0.7649447547448442,0.8805245420617366,0.7777777777777778,0.06363636363636363,-0.01974520790741785,0.43663371281641883,edge_iiotset,with_normal,mlp:entropy,-0.6853146853146854,0.013905968814362752
9,3,0.9895954523436562,0.897682810410914,-0.8518518518518519,0.03636363636363636,-0.1494232644493947,-0.015802089930144647,edge_iiotset,with_normal,mlp:mahalanobis,0.8811188811188813,0.00015267406467669873
9,3,0.7653872152907932,0.8799940374863843,0.7777777777777778,0.06363636363636363,-0.018552475970970317,0.4242770915360936,edge_iiotset,with_normal,mlp:maxprob,-0.7202797202797203,0.008239768712338441
9,3,0.9697210658083962,0.8315579792594847,-0.6296296296296297,0.14545454545454545,-0.2527487233025135,-0.007752485461670844,edge_iiotset,with_normal,rf:maxprob,0.5594405594405596,0.05858947538856762
8,7,0.7693887535951691,0.7720271833547403,0.07142857142857142,0.8665112665112666,-0.1988595892817715,0.12662200305476728,x_iiotid,attacks_only,edl:vacuity,-0.4035714285714285,0.13576799650365623
8,7,0.9260461166379871,0.9956463568438343,0.75,0.013986013986013986,0.0035094033330814733,0.22059464366050785,x_iiotid,attacks_only,fusion_rank,-0.09285714285714285,0.742045009907367
8,7,0.9159080938437278,0.9956715953985484,0.5714285714285714,0.0721056721056721,-0.014012906108865186,0.23602786531308972,x_iiotid,attacks_only,fusion_z,0.14285714285714282,0.6115222287644655
8,7,0.8693101110058159,0.9530432493052144,0.07142857142857142,0.8665112665112666,-0.5901887135182264,0.2081265871526462,x_iiotid,attacks_only,mlp:energy,-0.3714285714285714,0.17284974708033998
8,7,0.8102797822309145,0.8164748272357517,-0.03571428571428571,0.9550893550893552,-0.2238245766509548,0.08905340676802764,x_iiotid,attacks_only,mlp:entropy,-0.4142857142857142,0.12471544223657098
8,7,0.9122796238581633,0.9855098797638471,0.75,0.013986013986013986,0.00047706628399202256,0.2190995203905277,x_iiotid,attacks_only,mlp:mahalanobis,0.07142857142857141,0.8002959873970544
8,7,0.8034058866804914,0.7988588131199247,0.0,1.0,-0.19627742088705158,0.08895780915253626,x_iiotid,attacks_only,mlp:maxprob,-0.42857142857142855,0.11096021426087677
8,7,0.8044650732824419,0.910573966882053,0.6428571428571429,0.04009324009324009,0.021711283703376397,0.38903410748977973,x_iiotid,attacks_only,rf:maxprob,-0.035714285714285705,0.8994469934720875
8,7,0.768032556992051,0.772248848833372,0.17857142857142858,0.6125874125874127,-0.21964349564235297,0.155415996421153,x_iiotid,with_normal,edl:vacuity,-0.2678571428571428,0.3344436005123538
8,7,0.8986444544672638,0.9963671446066096,0.6785714285714286,0.028904428904428903,-0.005466141526457635,0.2813643552983255,x_iiotid,with_normal,fusion_rank,-0.05357142857142857,0.8496099367776071
8,7,0.9188640525748955,0.995551960691197,0.6071428571428571,0.054079254079254076,-0.01538017542225334,0.32083039527477175,x_iiotid,with_normal,fusion_z,0.21071428571428572,0.450957865215285
8,7,0.725038064655005,0.8914491592713109,0.07142857142857142,0.8665112665112666,-0.5943794671665321,0.3224904429221652,x_iiotid,with_normal,mlp:energy,-0.2928571428571428,0.289471667212401
8,7,0.7391949631124257,0.7759396569265244,0.14285714285714285,0.6943278943278944,-0.2829767638598672,0.17079161622328298,x_iiotid,with_normal,mlp:entropy,-0.3607142857142856,0.18655437415416354
8,7,0.8763530020959545,0.9785616985591474,0.6071428571428571,0.054079254079254076,-0.009795268794382861,0.27431492139875824,x_iiotid,with_normal,mlp:mahalanobis,0.14285714285714282,0.6115222287644655
8,7,0.7247229400387408,0.7543715515407455,0.10714285714285714,0.778865578865579,-0.2738179175829326,0.1664676040994355,x_iiotid,with_normal,mlp:maxprob,-0.3142857142857143,0.2539400163236714
8,7,0.8201408833558379,0.943795571716155,0.6428571428571429,0.04009324009324009,0.011409555806042193,0.3847937156876715,x_iiotid,with_normal,rf:maxprob,0.049999999999999996,0.859540943467457
