dataset,condition,method,families,AUROC,AUROC_sd_seeds,AUPR,AUPR_sd_seeds,FPR95,FPR95_sd_seeds,DetRate,DetRate_sd_seeds,AUROC_CI_low,AUROC_CI_high,median_family_AUROC
ciciot2023,attacks_only,edl:vacuity,33,0.6076093620845665,0.007094137080196865,0.24046593742837122,0.010673123965457288,0.570952492087062,0.005274910511439015,0.20266528227086245,0.014997635489493868,0.5899865486315415,0.6252321755375915,0.6644977263568429
ciciot2023,attacks_only,fusion_rank,33,0.8135777513556657,0.0025187388829692636,0.46155098747182405,0.001020499859311489,0.3449146416875508,0.004028685315197033,0.44238864911665704,0.0024642132742703445,0.8073208571105074,0.819834645600824,0.8772584147626956
ciciot2023,attacks_only,fusion_z,33,0.823268040374172,0.003195513039777284,0.43036073020490856,0.00300958180448577,0.3065136023738551,0.006088050169832961,0.3724338327745844,0.003044243123087644,0.8153299459237697,0.8312061348245743,0.8311344410209939
ciciot2023,attacks_only,mlp:energy,33,0.7252318512339352,0.012943289806670914,0.3138354254939824,0.017569106000673913,0.42959118153099096,0.017029548737086477,0.25009086626522764,0.01854373196902039,0.6930789369114688,0.7573847655564016,0.8756205963725202
ciciot2023,attacks_only,mlp:entropy,33,0.6540200578111649,0.00561914059857591,0.21393860134322362,0.003516137289112393,0.5212832850121876,0.005206613671901405,0.14026024360596337,0.0008649779069010056,0.6400613387427881,0.6679787768795417,0.7621448329361505
ciciot2023,attacks_only,mlp:mahalanobis,33,0.7359375342392251,0.001766837538432721,0.378008731259269,0.0024450860672747977,0.46459170193401267,0.002480309104686695,0.32584733094313667,0.004846824227954538,0.7315484664795227,0.7403266019989276,0.738698585125773
ciciot2023,attacks_only,mlp:maxprob,33,0.6281663609325361,0.004761648408846529,0.19775884921011777,0.0021678962516661062,0.5677535445743183,0.010207967257681944,0.1400619307749649,0.0031095678014431576,0.616337770550171,0.6399949513149011,0.6925178210516684
ciciot2023,attacks_only,rf:maxprob,33,0.8611310276871039,0.0033655514365592333,0.39003064785727054,0.00207804200330234,0.28655113322157194,0.011535847904810353,0.2729506918738222,0.024569722686582862,0.8527705344428153,0.8694915209313926,0.9037919412391328
ciciot2023,with_normal,edl:vacuity,33,0.599148994238646,0.007378157947548395,0.23124111474975662,0.011175901300770981,0.5828352905243724,0.005686735987020227,0.19644142297199094,0.01555644341698144,0.5808206338381178,0.6174773546391742,0.6536926611385631
ciciot2023,with_normal,fusion_rank,33,0.8073983447780169,0.002361768039775493,0.4537006142056574,0.0005961215853937667,0.35505465179623924,0.0036842244370099025,0.4401596316815892,0.002403936668685894,0.8015313877240766,0.8132653018319571,0.8722351478436771
ciciot2023,with_normal,fusion_z,33,0.815596653055355,0.0030919897125380224,0.4228811608062812,0.0028024462282378293,0.320564427591842,0.0057080110058220085,0.3736084030298305,0.0031371481851655897,0.8079157248061904,0.8232775813045196,0.8222830934086459
ciciot2023,with_normal,mlp:energy,33,0.7168462496500787,0.013164600991192661,0.30148904125524,0.01745282516783561,0.4426242876202337,0.017101161042488242,0.24537965732475597,0.018969164874180815,0.6841435678681165,0.7495489314320409,0.8663444130897201
ciciot2023,with_normal,mlp:entropy,33,0.6437078592708224,0.0055056303954188835,0.2008062649795128,0.003135203192310475,0.5346427902225718,0.005132364196574979,0.13647747994984327,0.0007200974729325933,0.630031115178773,0.6573846033628719,0.7429421012059859
ciciot2023,with_normal,mlp:mahalanobis,33,0.7315538389291748,0.0017150085931036995,0.373588917175091,0.002330954800504961,0.4728229338044451,0.0021798043280100293,0.3278568827164651,0.004844069610763755,0.7272935214071228,0.7358141564512268,0.7341372216586234
ciciot2023,with_normal,mlp:maxprob,33,0.6198656694816345,0.0045594147742265235,0.18730600879854772,0.0019119217823301638,0.5791015950228197,0.010191414375720242,0.1357351867715125,0.003281132408268847,0.6085394552976071,0.6311918836656618,0.680977098557033
ciciot2023,with_normal,rf:maxprob,33,0.8521722609206046,0.003031672699101322,0.37055317827663736,0.002291072782137454,0.29957171659476756,0.010972165553553816,0.26314226722337036,0.02325085774538865,0.8446411684391765,0.8597033534020327,0.8972224215891175
edge_iiotset,attacks_only,edl:vacuity,12,0.59283932267671,0.004208410217305386,0.3783680103510778,0.02219551819684257,0.5276770466518844,0.0036394795802011945,0.06008704266563506,0.043571349207080716,0.5823850521495159,0.6032935932039042,0.6812860715251798
edge_iiotset,attacks_only,fusion_rank,12,0.8985435728285047,0.0017863100084454693,0.7556086878661051,0.003494229617674729,0.23147256566036045,0.002827754236835468,0.6485708385037746,0.0036805803820914515,0.8941061327717033,0.9029810128853062,0.9566467828790453
edge_iiotset,attacks_only,fusion_z,12,0.919373992631228,0.0015770173696589057,0.7728412629265217,0.0007509102583417168,0.2150223765554694,0.010110942310697535,0.6850905319424667,0.008621416780715369,0.9154564643112215,0.9232915209512345,0.9574789997302167
edge_iiotset,attacks_only,mlp:energy,12,0.6124845077299534,0.01184605520133658,0.42964915400634024,0.008937724921642909,0.5942145632384348,0.04388353196334827,0.1395109335040465,0.005258924758940978,0.5830572752692018,0.6419117401907051,0.6544685147129936
edge_iiotset,attacks_only,mlp:entropy,12,0.648393289832923,0.02654719774057664,0.4217018034897835,0.0147271403433667,0.5126056947631771,0.01403963199257146,0.12386957826291645,0.024362285748007653,0.5824463947850806,0.7143401848807653,0.7021734489144855
edge_iiotset,attacks_only,mlp:mahalanobis,12,0.8786130351673741,0.004309703096312468,0.6897627652088058,0.006405093379065636,0.2664132108300548,0.004392834273879016,0.5648193458333086,0.043977178298231084,0.8679071391795098,0.8893189311552384,0.9236430837200849
edge_iiotset,attacks_only,mlp:maxprob,12,0.6461728143036712,0.02513986863599027,0.4159485826846971,0.008839777023069142,0.5114271969685315,0.013621367283735175,0.11338242128397445,0.003497165728032315,0.5837219185573324,0.7086237100500101,0.704116692218577
edge_iiotset,attacks_only,rf:maxprob,12,0.8609374626440113,0.003974119396431117,0.6638085410789477,0.00019399571213743054,0.5307715742259878,0.002787301080368286,0.4312095269386047,0.01556918565578682,0.8510652027804606,0.870809722507562,0.8705808854004364
edge_iiotset,with_normal,edl:vacuity,12,0.786698100435686,0.0016323434478875977,0.26595980658934454,0.017951820055756497,0.2562139296037838,0.0003118784417671291,0.1170370825687589,0.001843187787340973,0.7826431345183101,0.7907530663530619,0.8751095592637061
edge_iiotset,with_normal,fusion_rank,12,0.9645801860073764,0.0005288953657862951,0.7395789357156901,0.002910123501171722,0.08114284205294607,0.0014877097121670196,0.7625697308489431,0.015722579096376546,0.9632663370836729,0.9658940349310798,0.9864680709545905
edge_iiotset,with_normal,fusion_z,12,0.96979184071937,0.0008086972516660384,0.7501234434270355,0.0007169827850559818,0.07703980914967536,0.005143389205476848,0.801784813200085,0.005919057420893368,0.9677829253791425,0.9718007560595975,0.9852385078387229
edge_iiotset,with_normal,mlp:energy,12,0.6572945899295449,0.022936240481817697,0.24504035305039662,0.013249495777264335,0.5961742947231335,0.09599114851723468,0.11858160041960612,0.014192146388758996,0.6003178099835931,0.7142713698754968,0.7229299294518143
edge_iiotset,with_normal,mlp:entropy,12,0.7322937350270307,0.04734903748977533,0.24283777454347302,0.024222280878698852,0.42874173158540696,0.06391964056739666,0.14439829979590338,0.028875038587147572,0.6146722053850572,0.8499152646690041,0.8018171248430834
edge_iiotset,with_normal,mlp:mahalanobis,12,0.9589239961066874,0.0012439502124032761,0.6716488787326712,0.006142626390606454,0.09188350340933983,0.0010369767898175347,0.7070419196700777,0.020808638779437078,0.9558338524725549,0.96201413974082,0.9773806719522276
edge_iiotset,with_normal,mlp:maxprob,12,0.7353431291293916,0.048191041608165376,0.2473949096521458,0.02196361176693447,0.42582084678853405,0.06251960321340314,0.15084371591381518,0.0015643320646442226,0.6156299453035022,0.855056312955281,0.8042764813855928
edge_iiotset,with_normal,rf:maxprob,12,0.8906809997720041,0.004381051746053864,0.5567520727288072,0.002625920529178306,0.513318614786283,0.0009786392814372974,0.7731860599330059,0.006766781281679564,0.8797978639126369,0.9015641356313713,0.9160035437272225
x_iiotid,attacks_only,edl:vacuity,15,0.7237036977294712,0.014462931283684833,0.36334006301857463,0.021804161428538082,0.4500415583268447,0.025104057405693863,0.1716575453180069,0.02319822480723031,0.6877757847056614,0.759631610753281,0.7720271833547403
x_iiotid,attacks_only,fusion_rank,15,0.9272447577385963,0.002524951859471795,0.7519488016804226,0.001620969021555997,0.26702503814011286,0.004748603760340892,0.7323158227495131,0.006341908901142962,0.920972429604206,0.9335170858729865,0.9582579348033601
x_iiotid,attacks_only,fusion_z,15,0.912918657863806,0.00572537465593848,0.7118230145330591,0.0074587314529180075,0.2566264846876389,0.010938578493269601,0.7402658200298564,0.019163782275984177,0.8986960387672659,0.9271412769603461,0.9371911134081471
x_iiotid,attacks_only,mlp:energy,15,0.7861078628805905,0.020866247398795553,0.5290966768451989,0.02559501826944203,0.359274253594853,0.030377262425550396,0.4395330339732844,0.049872714491111254,0.7342732308151726,0.8379424949460085,0.881820382332975
x_iiotid,attacks_only,mlp:entropy,15,0.7658501256990391,0.021761620427099664,0.3965105163730942,0.022818294579169757,0.4024784817898564,0.026631517535228164,0.1896038002980566,0.0448696134368622,0.7117912637279544,0.8199089876701238,0.8164748272357517
x_iiotid,attacks_only,mlp:mahalanobis,15,0.921288775619698,0.002344608112263745,0.6658946313987428,0.003321011218866841,0.282602049468367,0.004173754244044711,0.7203093266912052,0.012233334582896131,0.9154644461888201,0.927113105050576,0.9547910462008401
x_iiotid,attacks_only,mlp:maxprob,15,0.7547379022371069,0.018317619113797798,0.35407960833687074,0.004246747930219542,0.40381151887577377,0.028292244456524628,0.11882269925451518,0.018829422148664624,0.709234413807607,0.8002413906666068,0.7988588131199247
x_iiotid,attacks_only,rf:maxprob,15,0.8187115402360986,0.009220264995759448,0.5393129354968185,0.015836975236216706,0.6803142942574955,0.03063198017934594,0.4652246465008812,0.029517636316765402,0.7958071322480849,0.8416159482241123,0.8466131923161244
x_iiotid,with_normal,edl:vacuity,15,0.7072261859540424,0.02286028384256046,0.27178955650569175,0.025102222850458406,0.4932049095006248,0.035914903132229864,0.20719491282762348,0.031865492563471855,0.650438092760125,0.7640142791479598,0.7683183780321386
x_iiotid,with_normal,fusion_rank,15,0.9069614536238472,0.0034626958247169523,0.6562484694285412,0.0017172778954891135,0.3056176151943735,0.006092513519552084,0.7095875623830766,0.006585812628583968,0.898359640341454,0.9155632669062403,0.9431469507247568
x_iiotid,with_normal,fusion_z,15,0.9066619587037869,0.005567480728632151,0.6201641851347249,0.007973446431816774,0.26950641357613986,0.012314580529346761,0.7411236628651362,0.018250679985968268,0.8928315698665199,0.9204923475410538,0.9315133618374912
x_iiotid,with_normal,mlp:energy,15,0.6920066751145932,0.017570305488391717,0.31310416012367204,0.027093498227579983,0.5131611342852107,0.01683511704108942,0.3292026627824998,0.025921759521601456,0.6483596166444464,0.7356537335847401,0.7683502078731408
x_iiotid,with_normal,mlp:entropy,15,0.6998488218001627,0.026771546218638687,0.26738679073392896,0.024661761682443977,0.524779160333003,0.020048338093799318,0.2372192471506215,0.04447712143035262,0.6333446142373995,0.7663530293629259,0.7496914908673507
x_iiotid,with_normal,mlp:mahalanobis,15,0.896009933222707,0.0033718913249749438,0.5024897368044193,0.007214208067899126,0.3281601743193321,0.00722016968829709,0.6553236114766908,0.021791730779137285,0.8876336908225168,0.9043861756228971,0.9327791899612002
x_iiotid,with_normal,mlp:maxprob,15,0.6860508490880494,0.02309168104288287,0.2247261658650276,0.01769751121055564,0.5271888227209978,0.022159956670271957,0.12957752435673844,0.020244992398840884,0.6286879333824247,0.743413764793674,0.7371571772713507
x_iiotid,with_normal,rf:maxprob,15,0.8387209394500471,0.009444187837584606,0.48201977197338725,0.01999466820385382,0.6654183893786197,0.034320428590026236,0.5865537592646743,0.036087098804609315,0.8152602762861402,0.862181602613954,0.8575669573491848
