dataset,method,family,group,near_far,n_siblings,AUROC,FPR95,n_unknown
ciciot2023,mlp:mahalanobis,DDoS-UDP_Flood,DDoS,near,11,0.2961053834813507,0.8711809466054463,19031
ciciot2023,fusion_rank,Mirai-greeth_flood,Mirai,near,2,0.4037027785836525,0.7958782235215563,18979
ciciot2023,mlp:mahalanobis,Mirai-greeth_flood,Mirai,near,2,0.407985352229512,0.8059661090357858,18979
ciciot2023,rf:maxprob,Mirai-greip_flood,Mirai,near,2,0.4084299033971635,1.0,19173
ciciot2023,mlp:mahalanobis,DDoS-SYN_Flood,DDoS,near,11,0.4264528266978061,0.7680326034379444,19043
ciciot2023,fusion_rank,DDoS-UDP_Flood,DDoS,near,11,0.43281101214038475,0.7012078027087124,19031
ciciot2023,fusion_rank,Mirai-greip_flood,Mirai,near,2,0.43698948944505456,0.7890542628941173,19173
ciciot2023,mlp:mahalanobis,DDoS-TCP_Flood,DDoS,near,11,0.46047185671201296,0.766372416283058,19126
ciciot2023,mlp:mahalanobis,Mirai-greip_flood,Mirai,near,2,0.47027666010264807,0.7918742868697373,19173
ciciot2023,rf:maxprob,Mirai-greeth_flood,Mirai,near,2,0.47471202659847817,1.0,18979
x_iiotid,rf:maxprob,Generic_scanning,Reconnaissance,near,2,0.5089512504086048,1.0,18375
x_iiotid,rf:maxprob,Discovering_resources,Reconnaissance,near,2,0.5098965488965628,1.0,8460
ciciot2023,fusion_rank,DoS-UDP_Flood,DoS,near,3,0.5268327955756007,0.9243602518557029,19110
ciciot2023,fusion_rank,DDoS-SynonymousIP_Flood,DDoS,near,11,0.5569733025987716,0.8541167975449048,19126
edge_iiotset,mlp:mahalanobis,Ransomware,Ransomware,far,0,0.5958930370249051,0.5357922985708045,1477
edge_iiotset,fusion_rank,Ransomware,Ransomware,far,0,0.6299192625563514,0.5343984688676694,1477
x_iiotid,rf:maxprob,fuzzing,fuzzing,far,0,0.6481555698739977,1.0,480
edge_iiotset,rf:maxprob,XSS,WebApplication,near,2,0.6589837603344284,1.0,2151
edge_iiotset,rf:maxprob,Ransomware,Ransomware,far,0,0.6942382095090598,1.0,1477
edge_iiotset,mlp:mahalanobis,Backdoor,Malware_C2,far,0,0.7113108774824587,0.5186842217393157,3361
x_iiotid,fusion_rank,Discovering_resources,Reconnaissance,near,2,0.7126195420360949,0.8294066317626528,8460
x_iiotid,mlp:mahalanobis,Discovering_resources,Reconnaissance,near,2,0.7152982920229154,0.8294066317626528,8460
ciciot2023,rf:maxprob,DDoS-SynonymousIP_Flood,DDoS,near,11,0.7276622355789032,0.5783626681108404,19126
x_iiotid,fusion_rank,Generic_scanning,Reconnaissance,near,2,0.743635468403105,0.3588417381764037,18375
x_iiotid,mlp:mahalanobis,Generic_scanning,Reconnaissance,near,2,0.7443537287020133,0.3585935765317451,18375
ciciot2023,rf:maxprob,DoS-UDP_Flood,DoS,near,3,0.7532478459425246,0.37571845305143975,19110
ciciot2023,rf:maxprob,DDoS-UDP_Flood,DDoS,near,11,0.759941167319942,0.2580351728320194,19031
edge_iiotset,fusion_rank,Backdoor,Malware_C2,far,0,0.7690485251335049,0.48642890621671137,3361
edge_iiotset,rf:maxprob,Uploading,WebApplication,near,2,0.7698227895999453,1.0,5088
edge_iiotset,mlp:mahalanobis,Uploading,WebApplication,near,2,0.7890821196207151,0.5598109056052981,5088
x_iiotid,rf:maxprob,BruteForce,CredentialAttack,near,1,0.7917892261749896,1.0,17266
edge_iiotset,rf:maxprob,Password,CredentialAttack,far,0,0.7953022041285317,1.0,6780
edge_iiotset,fusion_rank,Uploading,WebApplication,near,2,0.7991334410974907,0.544147441343703,5088
x_iiotid,rf:maxprob,TCP Relay,Malware_C2,near,2,0.803719428186994,1.0,775
x_iiotid,mlp:mahalanobis,Scanning_vulnerability,Reconnaissance,near,2,0.8071557077849638,0.7275622047658521,19316
edge_iiotset,fusion_rank,XSS,WebApplication,near,2,0.8122588252979286,0.4929506545820745,2151
edge_iiotset,mlp:mahalanobis,XSS,WebApplication,near,2,0.8135347644654688,0.47759315206445113,2151
x_iiotid,fusion_rank,Scanning_vulnerability,Reconnaissance,near,2,0.8159861994620146,0.7286543243990052,19316
edge_iiotset,rf:maxprob,Backdoor,Malware_C2,far,0,0.8182409629120864,1.0,3361
edge_iiotset,mlp:mahalanobis,Password,CredentialAttack,far,0,0.844157613249534,0.39889943412199796,6780
edge_iiotset,fusion_rank,Password,CredentialAttack,far,0,0.8656140722015273,0.38261373256694736,6780
x_iiotid,mlp:mahalanobis,Reverse_shell,Malware_C2,near,2,0.890907156206813,0.7013140123160039,371
x_iiotid,fusion_rank,Reverse_shell,Malware_C2,near,2,0.908120949553673,0.5931712565528925,371
x_iiotid,mlp:mahalanobis,BruteForce,CredentialAttack,near,1,0.9336520915095136,0.15902057517253876,17266
x_iiotid,fusion_rank,BruteForce,CredentialAttack,near,1,0.9439712837223012,0.1647826593637105,17266
