dataset,condition,A,B,families,median_diff,mean_diff,boot95_low,boot95_high,A_better,B_better,Wilcoxon_p,Holm_p
ciciot2023,attacks_only,fusion_rank,rf:maxprob,33,-0.017528200703940566,-0.04755327633143822,-0.07913614651715672,0.023270096703459586,16,17,0.06000595656223595,0.15845907758921385
ciciot2023,attacks_only,fusion_rank,mlp:mahalanobis,33,0.0690001074767691,0.0776402171164405,0.052570926127847306,0.1102706663563765,28,5,1.0407529771327972e-07,6.244517862796783e-07
ciciot2023,attacks_only,rf:maxprob,mlp:mahalanobis,33,0.07896047293456321,0.12519349344787872,0.04122544270836359,0.22239852096117463,23,10,0.00047505064867436886,0.0023752532433718443
ciciot2023,attacks_only,rf:maxprob,mlp:maxprob,33,0.2171786058282401,0.23296466675456776,0.112972423525325,0.30557014171943975,31,2,4.423782229423523e-09,3.096647560596466e-08
ciciot2023,attacks_only,mlp:mahalanobis,mlp:maxprob,33,0.1007372369008524,0.10777117330668909,-0.014826443534992073,0.2086213824499188,21,12,0.03534287237562239,0.14137148950248957
ciciot2023,attacks_only,mlp:mahalanobis,mlp:energy,33,0.014262356653201302,0.010705683005290017,-0.06400192140279104,0.05748758969088252,17,16,0.7914111448917538,0.7914111448917538
ciciot2023,attacks_only,edl:vacuity,mlp:maxprob,33,-0.016405028266711197,-0.02055699884796956,-0.035743449963401175,0.001371419932562734,13,20,0.05281969252973795,0.15845907758921385
ciciot2023,with_normal,fusion_rank,rf:maxprob,33,-0.014007905071041216,-0.044773916142587675,-0.07918618685583523,0.026625132586160394,16,17,0.07673266180790961,0.15346532361581922
ciciot2023,with_normal,fusion_rank,mlp:mahalanobis,33,0.06758637261254785,0.07584450584884214,0.05042643082688425,0.10934216213970493,28,5,1.2479722499847412e-07,7.487833499908447e-07
ciciot2023,with_normal,rf:maxprob,mlp:mahalanobis,33,0.07451938347078846,0.12061842199142983,0.03686063442901766,0.21439975861441607,23,10,0.0007033341098576784,0.003516670549288392
ciciot2023,with_normal,rf:maxprob,mlp:maxprob,33,0.22414235770524604,0.2323065914389701,0.11163582365432445,0.3040306236281495,31,2,7.683411240577698e-09,5.3783878684043884e-08
ciciot2023,with_normal,mlp:mahalanobis,mlp:maxprob,33,0.10489495224740586,0.11168816944754027,-0.0117142435564217,0.21943455865465122,21,12,0.03534287237562239,0.14137148950248957
ciciot2023,with_normal,mlp:mahalanobis,mlp:energy,33,0.015610179908338573,0.01470758927909606,-0.05916091189389949,0.06426833385759778,17,16,0.6979853340890259,0.6979853340890259
ciciot2023,with_normal,edl:vacuity,mlp:maxprob,33,-0.017779059112644158,-0.02071667524298853,-0.03820494483542902,0.0008217412300421945,13,20,0.03700989973731339,0.14137148950248957
edge_iiotset,attacks_only,fusion_rank,rf:maxprob,12,0.032275462228600615,0.03760611018449341,0.010573435964430777,0.07461781411318047,10,2,0.05224609375,0.15673828125
edge_iiotset,attacks_only,fusion_rank,mlp:mahalanobis,12,0.018423654603763995,0.019930537661130437,0.00043366868035904504,0.034943054301410925,10,2,0.00927734375,0.06494140625
edge_iiotset,attacks_only,rf:maxprob,mlp:mahalanobis,12,-0.01606754347203987,-0.017675572523362975,-0.060299978036152946,0.01366438726477931,4,8,0.38037109375,0.38037109375
edge_iiotset,attacks_only,rf:maxprob,mlp:maxprob,12,0.19432956489886472,0.21476464834034006,0.02495037140707579,0.2903730413833199,9,3,0.01220703125,0.06494140625
edge_iiotset,attacks_only,mlp:mahalanobis,mlp:maxprob,12,0.21723544565777997,0.232440220863703,0.10727984192973644,0.3162772064036543,10,2,0.01611328125,0.06494140625
edge_iiotset,attacks_only,mlp:mahalanobis,mlp:energy,12,0.2303460841300607,0.26612852743742094,0.12632985907111344,0.4112884013239003,10,2,0.00927734375,0.06494140625
edge_iiotset,attacks_only,edl:vacuity,mlp:maxprob,12,-0.02867982675938857,-0.0533334916269611,-0.09777823071218972,0.008547120177503753,4,8,0.10986328125,0.2197265625
edge_iiotset,with_normal,fusion_rank,rf:maxprob,12,0.04522144184593779,0.07389918623537221,0.017490667236733315,0.12344605272062165,12,0,0.00048828125,0.00341796875
edge_iiotset,with_normal,fusion_rank,mlp:mahalanobis,12,0.004746641040408783,0.005656189900688918,0.00015973941482444465,0.01047385344938545,10,2,0.00927734375,0.02783203125
edge_iiotset,with_normal,rf:maxprob,mlp:mahalanobis,12,-0.03647261600722718,-0.0682429963346833,-0.11612861806306152,-0.012051453647434096,1,11,0.0009765625,0.005859375
edge_iiotset,with_normal,rf:maxprob,mlp:maxprob,12,0.08225110707311117,0.1553378706426126,-0.01341663355217837,0.25913064254757673,9,3,0.09228515625,0.09228515625
edge_iiotset,with_normal,mlp:mahalanobis,mlp:maxprob,12,0.14352757202282557,0.22358086697729593,0.13056851501802547,0.2788919353247659,10,2,0.00244140625,0.01220703125
edge_iiotset,with_normal,mlp:mahalanobis,mlp:energy,12,0.24094166947721152,0.3016294061771426,0.16937619259684178,0.4630971252647351,10,2,0.00244140625,0.01220703125
edge_iiotset,with_normal,edl:vacuity,mlp:maxprob,12,0.03321545289454647,0.051354971306294454,0.016909347607322267,0.0884019388268808,11,1,0.02685546875,0.0537109375
x_iiotid,attacks_only,fusion_rank,rf:maxprob,15,0.09671570045749178,0.10853321750249757,0.052375282577205584,0.16995942332919767,15,0,6.103515625e-05,0.00042724609375
x_iiotid,attacks_only,fusion_rank,mlp:mahalanobis,15,0.006182323618851071,0.005955982118898236,0.0034668886025199797,0.008431903079533787,12,3,0.00115966796875,0.004638671875
x_iiotid,attacks_only,rf:maxprob,mlp:mahalanobis,15,-0.09719575715824968,-0.10257723538359936,-0.1637770997103466,-0.0439433794976718,1,14,0.00018310546875,0.0010986328125
x_iiotid,attacks_only,rf:maxprob,mlp:maxprob,15,0.030175663421153187,0.06397363799899178,-0.008034847284873137,0.1762002680600704,9,6,0.15142822265625,0.15142822265625
x_iiotid,attacks_only,mlp:mahalanobis,mlp:maxprob,15,0.15315240226835536,0.1665508733825911,0.09490232950408406,0.19599542551409155,13,2,0.00042724609375,0.00213623046875
x_iiotid,attacks_only,mlp:mahalanobis,mlp:energy,15,0.03620070630761929,0.13518091273910748,-0.012877091368464377,0.13605259107522605,11,4,0.03533935546875,0.0904541015625
x_iiotid,attacks_only,edl:vacuity,mlp:maxprob,15,-0.026831629765184384,-0.031034204507635645,-0.06696570254956569,-0.01295179994810769,3,12,0.0301513671875,0.0904541015625
x_iiotid,with_normal,fusion_rank,rf:maxprob,15,0.052571572890454554,0.06824051417380005,0.010805437588166655,0.11423479797751268,13,2,0.00201416015625,0.008056640625
x_iiotid,with_normal,fusion_rank,mlp:mahalanobis,15,0.01138982514865905,0.010951520401140195,0.0064675199130620475,0.015231615272356502,14,1,0.0001220703125,0.0006103515625
x_iiotid,with_normal,rf:maxprob,mlp:mahalanobis,15,-0.0514817382989432,-0.05728899377265984,-0.11143305166828821,0.00020604411301423567,5,10,0.01806640625,0.0361328125
x_iiotid,with_normal,rf:maxprob,mlp:maxprob,15,0.10891335889699683,0.15267009036199783,0.06376005569836607,0.23660342116784605,14,1,0.00262451171875,0.008056640625
x_iiotid,with_normal,mlp:mahalanobis,mlp:maxprob,15,0.1827336892707595,0.2099590841346576,0.10777116365956041,0.23642642691992433,15,0,6.103515625e-05,0.00042724609375
x_iiotid,with_normal,mlp:mahalanobis,mlp:energy,15,0.09154294218137404,0.20400325810811373,0.026639140714625476,0.2214228750771764,15,0,6.103515625e-05,0.00042724609375
x_iiotid,with_normal,edl:vacuity,mlp:maxprob,15,0.019013633628138793,0.02117533686599318,-0.019098451440322073,0.04671787911538727,11,4,0.1876220703125,0.1876220703125
