dataset,rung,model,n_seeds,n_test,n_features,MacroF1,MacroF1_sd,BinaryMCC,BinaryMCC_sd,ECE,Accuracy,MacroF1_CI_low,MacroF1_CI_high
ciciot2023,A_raw,rf,5,100000,46,0.8657794270110364,0.004078817160145445,0.8012119214460759,0.0026381798009535136,0.059639700000000004,0.932846,0.8607149065880281,0.8708439474340447
ciciot2023,A_raw,lgbm,5,100000,46,0.8600098507218232,0.0037590345181261775,0.8293638860094882,0.00407435552722484,0.0034556065032386603,0.941522,0.8553423928926608,0.8646773085509857
ciciot2023,A_raw,mlp_softmax_en,5,100000,46,0.6678990276063163,0.003894098063522782,0.6631534256633687,0.005515586727145833,0.017175741834118918,0.7689320000000001,0.6630638662353648,0.6727341889772674
ciciot2023,A_raw,mlp_edl_both,5,100000,46,0.6664487285221388,0.00578626880857753,0.6580356788940931,0.005827828845961475,0.2222009381260425,0.771844,0.6592641268585987,0.6736333301856788
ciciot2023,D_strict,rf,5,100000,45,0.8665021885131514,0.0014956474791770417,0.8012054618756732,0.0027205750506633765,0.05914381999999988,0.933414,0.8646450968842533,0.86835928014205
ciciot2023,D_strict,lgbm,5,100000,45,0.8600098507218232,0.0037590345181261775,0.8293638860094882,0.00407435552722484,0.0034556065032386603,0.941522,0.8553423928926608,0.8646773085509857
ciciot2023,D_strict,mlp_softmax_en,5,100000,45,0.6710971592425635,0.009218323351157753,0.666860141564506,0.005718589059124042,0.0210990145615488,0.774122,0.6596510990136297,0.6825432194714971
ciciot2023,D_strict,mlp_edl_both,5,100000,45,0.6662058611749319,0.0017417924367784854,0.6596681090810115,0.0038093406833423467,0.21986806349445134,0.77111,0.6640431402138403,0.6683685821360232
edge_iiotset,A_raw,lgbm,5,60000,61,1.0,0.0,1.0,0.0,1.7805006885086898e-06,1.0,1.0,1.0
edge_iiotset,A_raw,rf,5,60000,61,0.9996852811717588,0.0005917358502617814,1.0,0.0,0.00034853333333322,0.9999866666666666,0.9989505440700422,1.0004200182734753
edge_iiotset,A_raw,mlp_softmax_en,5,60000,61,0.9622678227852285,0.0026385404821073623,0.999991582864233,1.88212877507619e-05,0.00052384479383624,0.9984233333333334,0.9589916420607926,0.9655440035096644
edge_iiotset,A_raw,mlp_edl_both,5,60000,61,0.9581817265190369,0.003758572907873159,1.0,0.0,0.03774950819293654,0.9982233333333334,0.9535148418547067,0.9628486111833671
edge_iiotset,D_strict,lgbm,5,60000,36,0.9369351711579915,0.00530498591108092,0.9893758184963033,0.0010099687427835582,0.0019775859611619,0.9899933333333333,0.9303481611412241,0.943522181174759
edge_iiotset,D_strict,rf,5,60000,36,0.9034292900910177,0.0013028044605835874,0.9893851639808581,0.0009982816692281152,0.00451016477435078,0.9882466666666667,0.9018116446956118,0.9050469354864236
edge_iiotset,D_strict,mlp_softmax_en,5,60000,36,0.8752336727423329,0.01132047643965699,0.9813087677707782,0.002383499295007059,0.0060461213699976,0.9807099999999999,0.8611774447046968,0.889289900779969
edge_iiotset,D_strict,mlp_edl_both,5,60000,36,0.8686771222185026,0.010412608718312124,0.9820161050415808,0.0018262469139167037,0.05073373383608952,0.9805566666666667,0.8557481608455917,0.8816060835914135
edge_iiotset,E3_noport,rf,5,60000,34,0.8443139444076886,0.002565720712950661,0.9763196294435522,0.0013046753566770721,0.00906473074360724,0.9782499999999998,0.841128181368972,0.8474997074464051
edge_iiotset,E3_noport,lgbm,5,60000,34,0.8350483384296756,0.004475891548536852,0.9599213610158751,0.0014373338423939147,0.00764762001726762,0.9721366666666664,0.8294907850339929,0.8406058918253584
edge_iiotset,E3_noport,mlp_softmax_en,5,60000,34,0.8244160712022535,0.009813411964900298,0.9598629893342492,0.004471611302662358,0.018794095811148458,0.9657266666666666,0.8122311108658947,0.8366010315386122
edge_iiotset,E3_noport,mlp_edl_both,5,60000,34,0.8107996220121059,0.01116898000182919,0.9602738745501815,0.002617691255294483,0.06651355707156158,0.9647133333333333,0.7969315016471767,0.824667742377035
x_iiotid,A_raw,rf,5,60000,65,0.997533838811646,0.001595414991155805,0.9995197462411713,0.00017738484579048043,0.00170446666666662,0.99976,0.9955528694549333,0.9995148081683588
x_iiotid,A_raw,lgbm,5,60000,65,0.9971967929132189,0.004651543505723111,0.9998332222436156,5.273718356202568e-05,7.054432549542038e-05,0.9999133333333333,0.9914211388060841,1.0029724470203538
x_iiotid,A_raw,mlp_softmax_en,5,60000,65,0.9621398862884881,0.011699867545775212,0.992649954891767,0.0014813237783426745,0.00096287237842874,0.9962500000000001,0.9476125819731465,0.9766671906038298
x_iiotid,A_raw,mlp_edl_both,5,60000,65,0.9255474595036774,0.022770579836940495,0.9837954763728266,0.0074821723960194165,0.11006130162275082,0.9911033333333334,0.8972740503019239,0.953820868705431
x_iiotid,D_strict,lgbm,5,60000,58,0.9731658092079518,0.00836517206847021,0.9949966559048917,9.724789276265502e-05,0.0008625565272631201,0.99742,0.9627790762117526,0.983552542204151
x_iiotid,D_strict,rf,5,60000,58,0.9431951160610975,0.01220149385242394,0.9928775983536318,0.00037792848444102373,0.00437583333333328,0.99635,0.9280449604202381,0.9583452717019569
x_iiotid,D_strict,mlp_softmax_en,5,60000,58,0.8565240188807257,0.0047968670056286735,0.9653426995612951,0.004074310941119008,0.00497527816052234,0.9815266666666667,0.8505679218156651,0.8624801159457863
x_iiotid,D_strict,mlp_edl_both,5,60000,58,0.8265879660218793,0.00858597603738476,0.9591943640487797,0.0032955240515941983,0.12522985248847548,0.9773433333333333,0.8159270686868184,0.8372488633569403
x_iiotid,E3_noport,lgbm,5,60000,57,0.9706899311182202,0.0075273239120546885,0.9940693879143188,0.0001965356996974917,0.00106825370681226,0.9969699999999999,0.9613435240138036,0.9800363382226368
x_iiotid,E3_noport,rf,5,60000,57,0.9374098955451879,0.01240328257263938,0.9918341696503512,0.0004467077563934928,0.0051523333333332606,0.9958233333333333,0.9220091861151934,0.9528106049751824
x_iiotid,E3_noport,mlp_softmax_en,5,60000,57,0.8477833402587691,0.008026269314866542,0.9629218025508116,0.0010833321153162188,0.0074939009781678,0.9800633333333334,0.837817410610612,0.8577492699069267
x_iiotid,E3_noport,mlp_edl_both,5,60000,57,0.8216383408910577,0.007644183078840579,0.9594410596672347,0.0040886944828886764,0.11504464135829355,0.9775766666666668,0.8121468339663828,0.8311298478157322
x_iiotid,E4_network,rf,5,60000,27,0.8921991452518799,0.014564907934615623,0.9765586883491315,0.00117654167905023,0.00974829276561246,0.9706399999999998,0.8741144234323154,0.9102838670714445
x_iiotid,E4_network,lgbm,5,60000,27,0.8709682064805218,0.008144399182320445,0.9778374416093716,0.0005038424893828336,0.00515879800142658,0.9732366666666665,0.8608555992288345,0.8810808137322095
x_iiotid,E4_network,mlp_softmax_en,5,60000,27,0.7468538611839586,0.00974784462753408,0.9164000688268615,0.017772115790662974,0.0253415557521581,0.9313766666666666,0.7347503134498656,0.7589574089180517
x_iiotid,E4_network,mlp_edl_both,5,60000,27,0.7283494313822875,0.0068122174070352325,0.9295376005113439,0.007338353721465904,0.17348644177748507,0.9370833333333334,0.7198909462800347,0.73680791648454
