n_near,n_far,median_near,median_far,cliffs_delta_far_minus_near,MannWhitney_p,boot95_low_far_minus_near,boot95_high_far_minus_near,condition,method,datasets_far_higher,datasets_far_lower
48,12,0.6825707541800039,0.7946296252559604,0.3645833333333333,0.05345639926504099,-0.04091168356315955,0.24874859437677244,attacks_only,edl:vacuity,3,0
48,12,0.9024893092216515,0.9551161244912957,0.1840277777777778,0.33193289768532996,-0.07443068135147468,0.11566832060907462,attacks_only,fusion_rank,1,2
48,12,0.8911952632104247,0.9070043153660261,0.1527777777777778,0.4214529210203942,-0.07924116125684533,0.14358728575101443,attacks_only,fusion_z,1,2
48,12,0.7706219121221813,0.886861819679124,0.2847222222222222,0.13202524797052573,-0.11786905595765318,0.27784613230666977,attacks_only,mlp:energy,3,0
48,12,0.714617490327458,0.8233104684540941,0.3784722222222222,0.04494832836130853,-0.04930823730785794,0.20254248608440917,attacks_only,mlp:entropy,3,0
48,12,0.8388504546514162,0.9514767042032273,0.1597222222222222,0.4004240185719581,-0.1682914983790181,0.19043064518992023,attacks_only,mlp:mahalanobis,1,2
48,12,0.704116692218577,0.8155210278337842,0.4166666666666667,0.027214761857181823,-0.013635549910994148,0.20822807897838647,attacks_only,mlp:maxprob,2,1
48,12,0.891697161924226,0.9047523116341978,0.10416666666666667,0.5856326912915419,-0.09132535411735743,0.09179504766443192,attacks_only,rf:maxprob,2,1
48,12,0.7491686069014329,0.8649873958542857,0.3993055555555556,0.034343031083267396,0.00014034430263276665,0.23404998295630658,with_normal,edl:vacuity,3,0
48,12,0.9197031811853114,0.9395197113779943,0.2222222222222222,0.2405898391191741,-0.039401242379888915,0.10559466479974225,with_normal,fusion_rank,1,2
48,12,0.9174248378797809,0.9510624502581975,0.2222222222222222,0.2405898391191741,-0.03699881674948959,0.14579914239307284,with_normal,fusion_z,1,2
48,12,0.7555240948728419,0.9047487978229922,0.2708333333333333,0.1520748009169926,-0.1410770052062298,0.26058350840635897,with_normal,mlp:energy,3,0
48,12,0.7463167960366683,0.8396713632744548,0.4027777777777778,0.03280175754805127,-0.048958183398909845,0.21781177596633788,with_normal,mlp:entropy,3,0
48,12,0.8759707077133791,0.929208003740171,0.1875,0.3228058073727804,-0.03233339792898413,0.1907771536118629,with_normal,mlp:mahalanobis,1,2
48,12,0.7118591767172158,0.824093730718924,0.4166666666666667,0.027214761857181823,-0.021114380648235453,0.23970936133250098,with_normal,mlp:maxprob,3,0
48,12,0.8841700574833715,0.9356132066064442,0.19791666666666666,0.29641597490429217,-0.052016955567476986,0.10222800532652077,with_normal,rf:maxprob,2,1
