column,canonical_value,token,rows,attack_rate
arp.dst.proto_ipv4,0.0,0,2200600,0.26721257838771245
arp.dst.proto_ipv4,0.0,0.0,1214,1.0
arp.src.proto_ipv4,0.0,0,2090565,0.22864297450689167
arp.src.proto_ipv4,0.0,0.0,122782,1.0
http.request.method,0.0,0,222839,1.0
http.request.method,0.0,0.0,1964275,0.17748634992554504
http.referer,0.0,0,115366,1.0
http.referer,0.0,0.0,2103265,0.2318404956103962
http.request.version,0.0,0,224053,1.0
http.request.version,0.0,0.0,1963061,0.1769776894350201
dns.qry.name.len,0.0,0,1613798,0.0
dns.qry.name.len,0.0,0.0,603331,1.0
mqtt.conack.flags,0.0,0,1532586,0.0
mqtt.conack.flags,0.0,0.0,603558,1.0
mqtt.msg,0.0,0,1532627,0.0
mqtt.msg,0.0,0.0,603558,1.0
mqtt.protoname,0.0,0,1532608,0.0
mqtt.protoname,0.0,0.0,603558,1.0
mqtt.topic,0.0,0,1532627,0.0
mqtt.topic,0.0,0.0,603558,1.0
