dataset,family,seed,train_sha,val_sha,test_sha,unknown_sha,run_id
x_iiotid,BruteForce,42,a8cc30d948423de4,7176d6cef54d6fc7,43b05de0316e3fcc,3c45ad44234657f1,SAFE_FINAL_01
x_iiotid,BruteForce,7,d0900184de03cc17,4621e7d5c87fb4e6,e85e991d9595113d,3c45ad44234657f1,SAFE_FINAL_01
x_iiotid,BruteForce,13,ccb951ccce138c16,f4525a934564cbb6,dc83020902d72063,3c45ad44234657f1,SAFE_FINAL_01
x_iiotid,C&C,42,bb88ed6b36262399,52f33472a4e12b2e,55b39a28f65ca64e,25641a0ea9da2a0a,SAFE_FINAL_01
x_iiotid,C&C,7,1a3c38f4c8464f5a,c7c7d8444545919b,44284ac9f0c98f77,25641a0ea9da2a0a,SAFE_FINAL_01
x_iiotid,C&C,13,f74d2291148c4ae6,88ad3233f883c735,bcd8fd9a837a5393,25641a0ea9da2a0a,SAFE_FINAL_01
x_iiotid,Dictionary,42,209bfac7a4fb51a7,523c4c23b9eb2f3b,c624727978197624,5113e8437dafc901,SAFE_FINAL_01
x_iiotid,Dictionary,7,533c5e7b45a9ad28,3c02a5692a4b74a9,19342d9b194c0232,5113e8437dafc901,SAFE_FINAL_01
x_iiotid,Dictionary,13,ed733a28d2f19f74,a2d1a0eb965f2dde,c17e65f3ce8ef2b5,5113e8437dafc901,SAFE_FINAL_01
x_iiotid,Discovering_resources,42,2b8de8e33a9169ff,6078774e72e1eb21,3db5dc52dc1017ef,30a62ae986217cbe,SAFE_FINAL_01
x_iiotid,Discovering_resources,7,79ad8ab95e50326f,572d8fe4ab47f7e8,51561993cb1e86e8,30a62ae986217cbe,SAFE_FINAL_01
x_iiotid,Discovering_resources,13,6cc6541381152328,ff9658ff2926b3c8,3e5cdfb026ffd5bd,30a62ae986217cbe,SAFE_FINAL_01
x_iiotid,Exfiltration,42,64ab360a340cdcd4,02ffa6229de70fc8,3dd1cced12f5d1af,40a4bc3e0013250a,SAFE_FINAL_01
x_iiotid,Exfiltration,7,b02e8d51f55a121a,6b3e82f150cd1405,559f288e73879c61,40a4bc3e0013250a,SAFE_FINAL_01
x_iiotid,Exfiltration,13,ae2b7fdee10ea22a,fbae935669797b62,0a03c87239139456,40a4bc3e0013250a,SAFE_FINAL_01
x_iiotid,False_data_injection,42,6a661828bb826805,0131a844b80369dd,5bb4ffc693dcbbbb,f801c96abb050268,SAFE_FINAL_01
x_iiotid,False_data_injection,7,83f2b9e70db7e4d1,43e74e8b633ea9e3,4102ea755d7697ab,f801c96abb050268,SAFE_FINAL_01
x_iiotid,False_data_injection,13,c0fd1bb1aa43627e,0c38c0a039a20dcf,c1daf4f906a515a2,f801c96abb050268,SAFE_FINAL_01
x_iiotid,Generic_scanning,42,e31885a12345a630,aa4923abf98e0f91,6ae869ff2ac5d73f,3444d66dc0c173c1,SAFE_FINAL_01
x_iiotid,Generic_scanning,7,f5a9f630f4b2dc7f,384d1714fb899328,8168bb308359e25a,3444d66dc0c173c1,SAFE_FINAL_01
x_iiotid,Generic_scanning,13,2f6fd4d177606323,3d1fb3f8436ae5f6,b084de4e8d53c209,3444d66dc0c173c1,SAFE_FINAL_01
x_iiotid,MQTT_cloud_broker_subscription,42,2e775b11922d20e5,41ab4f3f87bded53,e3d3855d462c5cb9,95e7f64a74da17f6,SAFE_FINAL_01
x_iiotid,MQTT_cloud_broker_subscription,7,0177e13f43d77525,014d45c9ab80aba4,836368d0471bf190,95e7f64a74da17f6,SAFE_FINAL_01
x_iiotid,MQTT_cloud_broker_subscription,13,85dc90861dc93a29,6f48fe95ddb1d62d,5b6b3824a8a1cc7e,95e7f64a74da17f6,SAFE_FINAL_01
x_iiotid,Modbus_register_reading,42,a6f31696abe0f338,618dc85ac0a492ee,867472786781bf19,e579a07a49c19ab3,SAFE_FINAL_01
x_iiotid,Modbus_register_reading,7,94b6045c0423e663,089e8d986ec256ec,db0a608aef1fb6ed,e579a07a49c19ab3,SAFE_FINAL_01
x_iiotid,Modbus_register_reading,13,fd51c6695fe0f27e,272aa6d423551b80,436acdb872991057,e579a07a49c19ab3,SAFE_FINAL_01
x_iiotid,RDOS,42,b790700abd6c48d0,5bf6e45c292ea596,08fe47b50d6d4394,ee57f08b29e8effe,SAFE_FINAL_01
x_iiotid,RDOS,7,1a89f4fcc808cb17,027f768be04bbfb7,db340903808cc90f,9fb8c26cf1bd72c8,SAFE_FINAL_01
x_iiotid,RDOS,13,d5c45adab260dc88,dde526e1fc6c7651,32e6941d518a7bdb,be121fdbb5ec1d27,SAFE_FINAL_01
x_iiotid,Reverse_shell,42,3421bdcc6ca48332,c7521c6f6b2df65e,08a905200efcbba1,73433d72ab2e4159,SAFE_FINAL_01
x_iiotid,Reverse_shell,7,6e62225d23cf1f88,659a17add9403f79,5d346c6b14b23b07,73433d72ab2e4159,SAFE_FINAL_01
x_iiotid,Reverse_shell,13,c751fd859e210d80,20aed9ccedcbbe3b,54bbf35fa927cd55,73433d72ab2e4159,SAFE_FINAL_01
x_iiotid,Scanning_vulnerability,42,4a00ae934f0b5f90,913a7bb21cf8f969,55cf2a318bd0dc57,eb71413b5c534e9e,SAFE_FINAL_01
x_iiotid,Scanning_vulnerability,7,0b4831adac115011,4943833f238c0385,02f3a1c197fc983a,eb71413b5c534e9e,SAFE_FINAL_01
x_iiotid,Scanning_vulnerability,13,8096bf54c82d3836,344c2c9549206f67,e6f7f4c71ce39e0f,eb71413b5c534e9e,SAFE_FINAL_01
x_iiotid,TCP Relay,42,7d85a6310b744682,11a1c28c7a478a71,fb91d396928dd06c,1111e664cd6e8275,SAFE_FINAL_01
x_iiotid,TCP Relay,7,24bd344ffb7e04ee,08dc10a2c8b4d6db,2b53f651d79dafa2,1111e664cd6e8275,SAFE_FINAL_01
x_iiotid,TCP Relay,13,4079135ff320ae42,4fe3c23e27f3fe48,b2a4652832814793,1111e664cd6e8275,SAFE_FINAL_01
x_iiotid,fuzzing,42,8d8b7e40ffdc23ff,460fe96171d2817c,532ee40df43492f9,3d495d5843a9356f,SAFE_FINAL_01
x_iiotid,fuzzing,7,13503b827b7cf0fb,4b8552bd28a3ba8c,39c5ccc26a48fd43,3d495d5843a9356f,SAFE_FINAL_01
x_iiotid,fuzzing,13,16f1e8c6d47505b1,7be6305289679498,65b451dd6527a187,3d495d5843a9356f,SAFE_FINAL_01
x_iiotid,insider_malcious,42,e9c0d0c7c1770052,40313f8beac28250,96991a7733a6d6cf,3cebbc2831468e3c,SAFE_FINAL_01
x_iiotid,insider_malcious,7,478100a165bb26fc,38e52c179ee3719d,21b2915546373263,3cebbc2831468e3c,SAFE_FINAL_01
x_iiotid,insider_malcious,13,c02830d437e94236,911d7ca050fc72bb,7747d17504ed2b5b,3cebbc2831468e3c,SAFE_FINAL_01
